,target_feature_name,alpha_optimal,l1_ratio_optimal,cv_scores,cv_mean,cv_std,train_r2,train_rmse,train_mae,test_r2,test_rmse,test_mae,importance_method,permutation_importance_scores,top_k_features_permutation,top_k_importance_scores,all_coefficients,coef_top_k_features,features_selected_by_coefficients,coef_abs,agreement_with_coefficients,disagreement_with_coefficients,n_selected_total,selected_features_mask
H4K5ac,H4K5ac,0.0001,0.7,"[0.7835954857880616, 0.789259958473285, 0.7968241826277201, 0.7956189148613328, 0.8010178769359602, 0.8027268041422101, 0.7984235866893052, 0.7869659689832075, 0.7923044139284996, 0.788420972482141]",0.7935158164911723,0.006061587619929558,0.7939913936531365,0.24346029735351665,0.19038237477434292,0.7959686851954966,0.24404826170754723,0.1908186369259248,Permutation Importance (TEST SET),"[0.17760235502257318, 0.3222300494552357, 0.0, 0.023448645748541663, 0.0018574028504336315, 0.025129206995502352, 0.020150677228913928, 0.0010080670718279118, 0.00816575499328378, 0.005924149026475911, 0.0004147756898436383, 0.002231651360051601, 0.0012739861277694553, 0.0013910106332891913, -2.1819846188764203e-06, 0.006227553216113124, 0.005555166901684705, 0.013724105276140675, 0.00267054467290877, 0.000665472235283171, 0.005041272679722697, 0.008540847095159787, 0.021942206008627084, 0.017517606185530176, -4.004713948069227e-06]","['H4K8ac', 'H4K12ac', 'H2AK5ac', 'H3K23ac', 'H4R3me2s', 'H3K18ac', 'H4R3me', 'H3K36me', 'H3K36me3', 'H3K56ac']","[0.32223005 0.17760236 0.02512921 0.02344865 0.02194221 0.02015068
 0.01751761 0.01372411 0.00854085 0.00816575]","{'H4K12ac': 0.1613662483083773, 'H4K8ac': 0.21604886738391232, 'H3K4ac': 0.0, 'H3K23ac': 0.05793171180241585, 'H3K14ac': 0.016086032765483375, 'H2AK5ac': 0.05979335952949484, 'H3K18ac': 0.05414291881175978, 'H3K9ac': 0.011971803202762725, 'H3K56ac': 0.034790769847459144, 'H3K27ac': 0.030208155735080643, 'H3K4me3': 0.006899722930895984, 'H3K4me2': 0.017734702410479863, 'Htz1': 0.011986013040236037, 'H3K79me': 0.013166449876830709, 'H3S10ph': 0.000753921850735698, 'H3K4me': 0.031143413037984166, 'H4K20me': 0.027789266100779052, 'H3K36me': 0.044932403592491614, 'H3K36me2': 0.019984227573579393, 'H4K16ac': 0.012454835844869018, 'H3K79me3': 0.026559822933098845, 'H3K36me3': 0.034004413201863336, 'H4R3me2s': 0.056001259849700266, 'H4R3me': 0.05041448282785492, 'H2AS129ph': 0.0003446295276738569}","['H4K8ac', 'H4K12ac', 'H2AK5ac', 'H3K23ac', 'H4R3me2s', 'H3K18ac', 'H4R3me', 'H3K36me', 'H3K56ac', 'H3K36me3']","['H4K8ac', 'H4K12ac', 'H2AK5ac', 'H3K23ac', 'H4R3me2s', 'H3K18ac', 'H4R3me', 'H3K36me', 'H3K56ac', 'H3K36me3']","[0.1613662483083773, 0.21604886738391232, 0.0, 0.05793171180241585, 0.016086032765483375, 0.05979335952949484, 0.05414291881175978, 0.011971803202762725, 0.034790769847459144, 0.030208155735080643, 0.006899722930895984, 0.017734702410479863, 0.011986013040236037, 0.013166449876830709, 0.000753921850735698, 0.031143413037984166, 0.027789266100779052, 0.044932403592491614, 0.019984227573579393, 0.012454835844869018, 0.026559822933098845, 0.034004413201863336, 0.056001259849700266, 0.05041448282785492, 0.0003446295276738569]","['H4K12ac', 'H3K56ac', 'H3K23ac', 'H4R3me', 'H3K36me', 'H3K18ac', 'H2AK5ac', 'H3K36me3', 'H4K8ac', 'H4R3me2s']",[],24,"{'H4K12ac': True, 'H4K8ac': True, 'H3K4ac': False, 'H3K23ac': True, 'H3K14ac': True, 'H2AK5ac': True, 'H3K18ac': True, 'H3K9ac': True, 'H3K56ac': True, 'H3K27ac': True, 'H3K4me3': True, 'H3K4me2': True, 'Htz1': True, 'H3K79me': True, 'H3S10ph': True, 'H3K4me': True, 'H4K20me': True, 'H3K36me': True, 'H3K36me2': True, 'H4K16ac': True, 'H3K79me3': True, 'H3K36me3': True, 'H4R3me2s': True, 'H4R3me': True, 'H2AS129ph': True}"
H4K12ac,H4K12ac,0.0001,0.5,"[0.7930773646487672, 0.7933091384180758, 0.7977621038354342, 0.8024065144399789, 0.8030938415511173, 0.8076536481178922, 0.7954237790776816, 0.7997179465277118, 0.7993076760160316, 0.7937842526348183]",0.7985536265267509,0.0045919103063996715,0.7989478051103845,0.21014323969972878,0.16547776061388955,0.8016539779524738,0.20944810350142404,0.16514386906852777,Permutation Importance (TEST SET),"[0.17112441506819775, 0.43325398439389373, 0.0013820644758979817, 0.012581416582340766, 0.005473706070161311, 0.01890930407039798, 0.01872268944132467, 0.0006010680150850157, 0.00041992754148687526, 0.005531011917700957, 0.0015164164095148092, 0.0014555341338258643, 6.071497368864698e-05, 0.0025571440307503358, 2.0064678881404065e-05, 0.008719925433508835, 0.002796456846306794, 0.006515871251735328, 0.002645600959968797, 6.278098171901281e-05, 0.0001628435502797676, 6.663288610875284e-08, 0.005448174067616629, 3.694348606471109e-05, 0.0067473373773077935]","['H4K8ac', 'H4K5ac', 'H2AK5ac', 'H3K18ac', 'H3K23ac', 'H3K4me', 'H2AS129ph', 'H3K36me', 'H3K27ac', 'H3K14ac']","[0.43325398 0.17112442 0.0189093  0.01872269 0.01258142 0.00871993
 0.00674734 0.00651587 0.00553101 0.00547371]","{'H4K5ac': 0.13752241485016156, 'H4K8ac': 0.21748270400062647, 'H3K4ac': 0.012422131882181676, 'H3K23ac': 0.037255458324804105, 'H3K14ac': 0.024407818717841135, 'H2AK5ac': 0.046122286369976215, 'H3K18ac': 0.0450551906222531, 'H3K9ac': 0.008230397856458713, 'H3K56ac': 0.007197060423661832, 'H3K27ac': 0.024713322937351265, 'H3K4me3': 0.012694188776576897, 'H3K4me2': 0.012750219897018248, 'Htz1': 0.003588540641010625, 'H3K79me': 0.016395760707756935, 'H3S10ph': 0.0013900893216596938, 'H3K4me': 0.030509967187882805, 'H4K20me': 0.018079982835464043, 'H3K36me': 0.026174511417560945, 'H3K36me2': 0.01808858291959175, 'H4K16ac': 0.00394804182319713, 'H3K79me3': 0.0044787057022252766, 'H3K36me3': 8.526393739645016e-05, 'H4R3me2s': 0.025779070642332643, 'H4R3me': 0.0019016738494634542, 'H2AS129ph': 0.027006138971186117}","['H4K8ac', 'H4K5ac', 'H2AK5ac', 'H3K18ac', 'H3K23ac', 'H3K4me', 'H2AS129ph', 'H3K36me', 'H4R3me2s', 'H3K27ac']","['H4K8ac', 'H4K5ac', 'H2AK5ac', 'H3K18ac', 'H3K23ac', 'H3K4me', 'H2AS129ph', 'H3K36me', 'H4R3me2s', 'H3K27ac']","[0.13752241485016156, 0.21748270400062647, 0.012422131882181676, 0.037255458324804105, 0.024407818717841135, 0.046122286369976215, 0.0450551906222531, 0.008230397856458713, 0.007197060423661832, 0.024713322937351265, 0.012694188776576897, 0.012750219897018248, 0.003588540641010625, 0.016395760707756935, 0.0013900893216596938, 0.030509967187882805, 0.018079982835464043, 0.026174511417560945, 0.01808858291959175, 0.00394804182319713, 0.0044787057022252766, 8.526393739645016e-05, 0.025779070642332643, 0.0019016738494634542, 0.027006138971186117]","['H3K27ac', 'H4K5ac', 'H3K4me', 'H3K23ac', 'H3K36me', 'H3K18ac', 'H2AK5ac', 'H2AS129ph', 'H4K8ac']","['H3K14ac', 'H4R3me2s']",25,"{'H4K5ac': True, 'H4K8ac': True, 'H3K4ac': True, 'H3K23ac': True, 'H3K14ac': True, 'H2AK5ac': True, 'H3K18ac': True, 'H3K9ac': True, 'H3K56ac': True, 'H3K27ac': True, 'H3K4me3': True, 'H3K4me2': True, 'Htz1': True, 'H3K79me': True, 'H3S10ph': True, 'H3K4me': True, 'H4K20me': True, 'H3K36me': True, 'H3K36me2': True, 'H4K16ac': True, 'H3K79me3': True, 'H3K36me3': True, 'H4R3me2s': True, 'H4R3me': True, 'H2AS129ph': True}"
H4K8ac,H4K8ac,0.00012648552168552957,0.5,"[0.8423841003731195, 0.8420756170567174, 0.8457564670518753, 0.8421737655077037, 0.8541030071107245, 0.8526237171490444, 0.8437775249144758, 0.8392861353339979, 0.8438091388562327, 0.8405850375117574]",0.8446574510865649,0.00467781929002085,0.8449285353041636,0.21889486227034166,0.1733637868853089,0.8484849593796119,0.21825568114310506,0.17237727989841733,Permutation Importance (TEST SET),"[0.18422549890539622, 0.25546060029027867, 0.004372386022909569, 0.0, 0.0007277865545045947, 0.03816370210594546, 0.004867252551335022, 7.389868112328557e-07, 0.014920995033465612, 0.001063719488090542, 0.0070887418226690535, 0.004937890138520607, 0.0016439228927838888, 0.0011255374557139098, 0.0009803584677156585, 0.002113128613383075, 0.00045389354064450104, 0.0024296937492521266, 0.010776039012711514, 0.039228327570069686, 0.006638868647268625, 8.981652203607915e-05, 0.04222559515398909, 0.0024607940974196605, 0.0005637718632524491]","['H4K12ac', 'H4K5ac', 'H4R3me2s', 'H4K16ac', 'H2AK5ac', 'H3K56ac', 'H3K36me2', 'H3K4me3', 'H3K79me3', 'H3K4me2']","[0.2554606  0.1842255  0.0422256  0.03922833 0.0381637  0.014921
 0.01077604 0.00708874 0.00663887 0.00493789]","{'H4K5ac': 0.1685832959677387, 'H4K12ac': 0.19896162295163242, 'H3K4ac': 0.02515669139649924, 'H3K23ac': 0.0, 'H3K14ac': 0.011414722687806446, 'H2AK5ac': 0.07587047676977553, 'H3K18ac': 0.026783730467789355, 'H3K9ac': 8.820673181518936e-05, 'H3K56ac': 0.04833755115256087, 'H3K27ac': 0.014019780053211937, 'H3K4me3': 0.0344636443339243, 'H3K4me2': 0.02543651375802542, 'Htz1': 0.01705186218815175, 'H3K79me': 0.01268832979973475, 'H3S10ph': 0.013104018947930354, 'H3K4me': 0.01605541208897885, 'H4K20me': 0.010893457710795064, 'H3K36me': 0.019097155193913504, 'H3K36me2': 0.04013507831599475, 'H4K16ac': 0.0758373478933516, 'H3K79me3': 0.03351254081407029, 'H3K36me3': 0.004818068479556404, 'H4R3me2s': 0.08183796909204195, 'H4R3me': 0.02018036400923545, 'H2AS129ph': 0.008258753510030739}","['H4K12ac', 'H4K5ac', 'H4R3me2s', 'H2AK5ac', 'H4K16ac', 'H3K56ac', 'H3K36me2', 'H3K4me3', 'H3K79me3', 'H3K18ac']","['H4K12ac', 'H4K5ac', 'H4R3me2s', 'H2AK5ac', 'H4K16ac', 'H3K56ac', 'H3K36me2', 'H3K4me3', 'H3K79me3', 'H3K18ac']","[0.1685832959677387, 0.19896162295163242, 0.02515669139649924, 0.0, 0.011414722687806446, 0.07587047676977553, 0.026783730467789355, 8.820673181518936e-05, 0.04833755115256087, 0.014019780053211937, 0.0344636443339243, 0.02543651375802542, 0.01705186218815175, 0.01268832979973475, 0.013104018947930354, 0.01605541208897885, 0.010893457710795064, 0.019097155193913504, 0.04013507831599475, 0.0758373478933516, 0.03351254081407029, 0.004818068479556404, 0.08183796909204195, 0.02018036400923545, 0.008258753510030739]","['H4K16ac', 'H4K5ac', 'H4K12ac', 'H3K56ac', 'H3K36me2', 'H3K79me3', 'H2AK5ac', 'H3K4me3', 'H4R3me2s']","['H3K18ac', 'H3K4me2']",24,"{'H4K5ac': True, 'H4K12ac': True, 'H3K4ac': True, 'H3K23ac': False, 'H3K14ac': True, 'H2AK5ac': True, 'H3K18ac': True, 'H3K9ac': True, 'H3K56ac': True, 'H3K27ac': True, 'H3K4me3': True, 'H3K4me2': True, 'Htz1': True, 'H3K79me': True, 'H3S10ph': True, 'H3K4me': True, 'H4K20me': True, 'H3K36me': True, 'H3K36me2': True, 'H4K16ac': True, 'H3K79me3': True, 'H3K36me3': True, 'H4R3me2s': True, 'H4R3me': True, 'H2AS129ph': True}"
H3K4ac,H3K4ac,0.0001,0.3,"[0.9489883438686277, 0.9488150667143664, 0.9489620048619366, 0.9509276884238302, 0.951213881262321, 0.951734089205778, 0.9513869806806283, 0.9482703206861853, 0.9515277112095188, 0.9503984650986874]",0.9502224552011882,0.0012553663440122626,0.9503038513375629,0.146297325107677,0.11370771972995626,0.9523623341608509,0.14475692748946606,0.1134198263849361,Permutation Importance (TEST SET),"[-1.1218019855263605e-07, 6.844733606732323e-05, 0.00047576253504137965, 0.001219372790198603, 0.21006320532538697, 0.0016517596189922989, 0.02853651063522015, 0.1689091852286595, 0.08415195910561182, 3.438407352321926e-05, 0.0010568549864860555, 0.0010166149412777603, 7.747449700945541e-06, 2.3237026641664828e-05, 7.804225741838699e-05, 6.032647108278333e-05, 0.0005176782125798751, 0.0011863441159924658, 0.0037448094354295526, 0.013398897113984065, 0.0015224870943272074, 0.005166497983314189, 0.002608383527858793, 0.00020435204301076925, 0.0009075444363189411]","['H3K14ac', 'H3K9ac', 'H3K56ac', 'H3K18ac', 'H4K16ac', 'H3K36me3', 'H3K36me2', 'H4R3me2s', 'H2AK5ac', 'H3K79me3']","[0.21006321 0.16890919 0.08415196 0.02853651 0.0133989  0.0051665
 0.00374481 0.00260838 0.00165176 0.00152249]","{'H4K5ac': 7.65746747002925e-05, 'H4K12ac': 0.004382842187131586, 'H4K8ac': 0.009739717730048513, 'H3K23ac': 0.015643468606103765, 'H3K14ac': 0.21269130512692425, 'H2AK5ac': 0.018526883592499804, 'H3K18ac': 0.07801275169018855, 'H3K9ac': 0.18977864956163729, 'H3K56ac': 0.13483124411551467, 'H3K27ac': 0.003150389098027638, 'H3K4me3': 0.01513489330883289, 'H3K4me2': 0.014780000429896595, 'Htz1': 0.002053806377977567, 'H3K79me': 0.002460506032349029, 'H3S10ph': 0.004890443481722792, 'H3K4me': 0.003980635714839004, 'H4K20me': 0.009413425193381827, 'H3K36me': 0.015362718927991459, 'H3K36me2': 0.029303442214958536, 'H4K16ac': 0.05451905691804296, 'H3K79me3': 0.01746457352207798, 'H3K36me3': 0.033033884541599196, 'H4R3me2s': 0.023296958144452703, 'H4R3me': 0.006687170835222932, 'H2AS129ph': 0.015015568062051992}","['H3K14ac', 'H3K9ac', 'H3K56ac', 'H3K18ac', 'H4K16ac', 'H3K36me3', 'H3K36me2', 'H4R3me2s', 'H2AK5ac', 'H3K79me3']","['H3K14ac', 'H3K9ac', 'H3K56ac', 'H3K18ac', 'H4K16ac', 'H3K36me3', 'H3K36me2', 'H4R3me2s', 'H2AK5ac', 'H3K79me3']","[7.65746747002925e-05, 0.004382842187131586, 0.009739717730048513, 0.015643468606103765, 0.21269130512692425, 0.018526883592499804, 0.07801275169018855, 0.18977864956163729, 0.13483124411551467, 0.003150389098027638, 0.01513489330883289, 0.014780000429896595, 0.002053806377977567, 0.002460506032349029, 0.004890443481722792, 0.003980635714839004, 0.009413425193381827, 0.015362718927991459, 0.029303442214958536, 0.05451905691804296, 0.01746457352207798, 0.033033884541599196, 0.023296958144452703, 0.006687170835222932, 0.015015568062051992]","['H4K16ac', 'H3K14ac', 'H3K56ac', 'H3K36me2', 'H3K79me3', 'H3K9ac', 'H3K18ac', 'H2AK5ac', 'H3K36me3', 'H4R3me2s']",[],25,"{'H4K5ac': True, 'H4K12ac': True, 'H4K8ac': True, 'H3K23ac': True, 'H3K14ac': True, 'H2AK5ac': True, 'H3K18ac': True, 'H3K9ac': True, 'H3K56ac': True, 'H3K27ac': True, 'H3K4me3': True, 'H3K4me2': True, 'Htz1': True, 'H3K79me': True, 'H3S10ph': True, 'H3K4me': True, 'H4K20me': True, 'H3K36me': True, 'H3K36me2': True, 'H4K16ac': True, 'H3K79me3': True, 'H3K36me3': True, 'H4R3me2s': True, 'H4R3me': True, 'H2AS129ph': True}"
H3K23ac,H3K23ac,0.0001,0.3,"[0.9285747822152757, 0.9266539110526124, 0.9281608973323302, 0.9315683208000046, 0.9285120293889524, 0.9303458694406725, 0.928690488753558, 0.9259839070786041, 0.9314292541979399, 0.9297438847215802]",0.928966334498153,0.0017513054816319373,0.9290853749433746,0.15885604967372263,0.12520031248289154,0.9301977151165839,0.15908155403992696,0.12574276213716784,Permutation Importance (TEST SET),"[0.0028852471467421424, 0.0016245103425539086, 6.848305754481032e-07, 0.0022268939329215696, 0.4689908579939268, 0.0028275629757858025, 0.31784067370624214, 0.01883533385259689, 0.000899355943959701, 0.01335428441243094, 0.02473524730729738, 0.00024351984344898048, 0.0021998897355574474, 0.00019975556626182777, 0.00038667897478722457, 0.007170275423057637, 0.0007775941789174068, 4.782892325864152e-05, 0.0012735041499651323, 0.005807309031447305, 0.03759083218004026, 0.012101288750551576, 0.0007903292937054163, 0.00035765901919228017, 0.009590042446189462]","['H3K14ac', 'H3K18ac', 'H3K79me3', 'H3K4me3', 'H3K9ac', 'H3K27ac', 'H3K36me3', 'H2AS129ph', 'H3K4me', 'H4K16ac']","[0.46899086 0.31784067 0.03759083 0.02473525 0.01883533 0.01335428
 0.01210129 0.00959004 0.00717028 0.00580731]","{'H4K5ac': 0.022358747877947383, 'H4K12ac': 0.017075179028610523, 'H4K8ac': 0.00018500705859289746, 'H3K4ac': 0.020088122970625157, 'H3K14ac': 0.28943154308136715, 'H2AK5ac': 0.02250223445537093, 'H3K18ac': 0.23899813584294416, 'H3K9ac': 0.05862694126951893, 'H3K56ac': 0.011903715301752334, 'H3K27ac': 0.04905597851518882, 'H3K4me3': 0.06569912387332917, 'H3K4me2': 0.0054901771766648145, 'Htz1': 0.021011002740217374, 'H3K79me': 0.007702104866759425, 'H3S10ph': 0.008093306925133319, 'H3K4me': 0.03770062815716424, 'H4K20me': 0.010724946424795484, 'H3K36me': 0.0025689366873495934, 'H3K36me2': 0.013467037875376769, 'H4K16ac': 0.033706419030855375, 'H3K79me3': 0.08440776717780252, 'H3K36me3': 0.04360476310754902, 'H4R3me2s': 0.010735695870741512, 'H4R3me': 0.006644995627784483, 'H2AS129ph': 0.03930592811560381}","['H3K14ac', 'H3K18ac', 'H3K79me3', 'H3K4me3', 'H3K9ac', 'H3K27ac', 'H3K36me3', 'H2AS129ph', 'H3K4me', 'H4K16ac']","['H3K14ac', 'H3K18ac', 'H3K79me3', 'H3K4me3', 'H3K9ac', 'H3K27ac', 'H3K36me3', 'H2AS129ph', 'H3K4me', 'H4K16ac']","[0.022358747877947383, 0.017075179028610523, 0.00018500705859289746, 0.020088122970625157, 0.28943154308136715, 0.02250223445537093, 0.23899813584294416, 0.05862694126951893, 0.011903715301752334, 0.04905597851518882, 0.06569912387332917, 0.0054901771766648145, 0.021011002740217374, 0.007702104866759425, 0.008093306925133319, 0.03770062815716424, 0.010724946424795484, 0.0025689366873495934, 0.013467037875376769, 0.033706419030855375, 0.08440776717780252, 0.04360476310754902, 0.010735695870741512, 0.006644995627784483, 0.03930592811560381]","['H3K27ac', 'H3K4me', 'H3K14ac', 'H4K16ac', 'H3K79me3', 'H3K18ac', 'H3K9ac', 'H2AS129ph', 'H3K36me3', 'H3K4me3']",[],25,"{'H4K5ac': True, 'H4K12ac': True, 'H4K8ac': True, 'H3K4ac': True, 'H3K14ac': True, 'H2AK5ac': True, 'H3K18ac': True, 'H3K9ac': True, 'H3K56ac': True, 'H3K27ac': True, 'H3K4me3': True, 'H3K4me2': True, 'Htz1': True, 'H3K79me': True, 'H3S10ph': True, 'H3K4me': True, 'H4K20me': True, 'H3K36me': True, 'H3K36me2': True, 'H4K16ac': True, 'H3K79me3': True, 'H3K36me3': True, 'H4R3me2s': True, 'H4R3me': True, 'H2AS129ph': True}"
H3K14ac,H3K14ac,0.00012648552168552957,0.1,"[0.9573063481158804, 0.9569465231690607, 0.9589523345518227, 0.9587993996220459, 0.959383712644449, 0.9604932499182347, 0.9582055265990801, 0.9566746740660121, 0.9587173785190647, 0.9603868062611953]",0.9585865953466847,0.0012584581095921835,0.9586549085387134,0.15100440790396202,0.11850744883414298,0.9593481324203466,0.1509886177104357,0.11824531967472898,Permutation Importance (TEST SET),"[8.836781393293248e-05, 0.00021753283453918026, 8.724539973685719e-05, 0.14734820395383502, 0.16216640486583322, 0.00018461212270260986, 0.0037092181147188375, 0.006084387159029192, 0.009943982066447088, 0.0016125006999836878, 0.20381959572070812, 0.039701508161625064, 0.0003417882740004652, 0.0018385439540705372, 2.749681330849185e-06, 0.008108689836202509, 0.005871407507529691, 0.0004231047700434476, 0.0017319197850710454, 0.0004926260375887392, 0.0002491257248072087, 0.012681815765871452, 0.002283792637584936, 2.6489234573645603e-05, -5.187282160135087e-06]","['H3K4me3', 'H3K23ac', 'H3K4ac', 'H3K4me2', 'H3K36me3', 'H3K56ac', 'H3K4me', 'H3K9ac', 'H4K20me', 'H3K18ac']","[0.2038196  0.1621664  0.1473482  0.03970151 0.01268182 0.00994398
 0.00810869 0.00608439 0.00587141 0.00370922]","{'H4K5ac': 0.004819597162944707, 'H4K12ac': 0.008073028845789707, 'H4K8ac': 0.004565768003619015, 'H3K4ac': 0.2007137376536048, 'H3K23ac': 0.21060424208637915, 'H2AK5ac': 0.006985371115388956, 'H3K18ac': 0.031566998064937554, 'H3K9ac': 0.04124334967019557, 'H3K56ac': 0.05233912123038578, 'H3K27ac': 0.02158481043743197, 'H3K4me3': 0.23611571656756872, 'H3K4me2': 0.10373389259517476, 'Htz1': 0.00966260963709246, 'H3K79me': 0.022686378170952586, 'H3S10ph': 0.0005527979237452068, 'H3K4me': 0.04912376780011012, 'H4K20me': 0.03895654558081762, 'H3K36me': 0.009527080469141242, 'H3K36me2': 0.02401711979990738, 'H4K16ac': 0.009773065141930474, 'H3K79me3': 0.010596638217665016, 'H3K36me3': 0.060919584131145676, 'H4R3me2s': 0.024268043470726888, 'H4R3me': 0.0019305903991986863, 'H2AS129ph': 0.0007779167960339751}","['H3K4me3', 'H3K23ac', 'H3K4ac', 'H3K4me2', 'H3K36me3', 'H3K56ac', 'H3K4me', 'H3K9ac', 'H4K20me', 'H3K18ac']","['H3K4me3', 'H3K23ac', 'H3K4ac', 'H3K4me2', 'H3K36me3', 'H3K56ac', 'H3K4me', 'H3K9ac', 'H4K20me', 'H3K18ac']","[0.004819597162944707, 0.008073028845789707, 0.004565768003619015, 0.2007137376536048, 0.21060424208637915, 0.006985371115388956, 0.031566998064937554, 0.04124334967019557, 0.05233912123038578, 0.02158481043743197, 0.23611571656756872, 0.10373389259517476, 0.00966260963709246, 0.022686378170952586, 0.0005527979237452068, 0.04912376780011012, 0.03895654558081762, 0.009527080469141242, 0.02401711979990738, 0.009773065141930474, 0.010596638217665016, 0.060919584131145676, 0.024268043470726888, 0.0019305903991986863, 0.0007779167960339751]","['H3K4me', 'H3K23ac', 'H3K56ac', 'H4K20me', 'H3K9ac', 'H3K18ac', 'H3K4ac', 'H3K4me2', 'H3K36me3', 'H3K4me3']",[],25,"{'H4K5ac': True, 'H4K12ac': True, 'H4K8ac': True, 'H3K4ac': True, 'H3K23ac': True, 'H2AK5ac': True, 'H3K18ac': True, 'H3K9ac': True, 'H3K56ac': True, 'H3K27ac': True, 'H3K4me3': True, 'H3K4me2': True, 'Htz1': True, 'H3K79me': True, 'H3S10ph': True, 'H3K4me': True, 'H4K20me': True, 'H3K36me': True, 'H3K36me2': True, 'H4K16ac': True, 'H3K79me3': True, 'H3K36me3': True, 'H4R3me2s': True, 'H4R3me': True, 'H2AS129ph': True}"
H2AK5ac,H2AK5ac,0.0002559547922699536,0.1,"[0.8253300040810393, 0.8268695824437202, 0.8264460248533636, 0.8217381301072857, 0.8314070789863215, 0.8326256315330494, 0.8261084719283762, 0.81718668637197, 0.8257357221233572, 0.8245719189820966]",0.825801925141058,0.004148568700693593,0.8261447756655844,0.22741827007796186,0.17844161485707982,0.8300070019329027,0.22612818260098536,0.17786430445254658,Permutation Importance (TEST SET),"[0.01788818711018707, 0.014524396746346846, 0.047537038895158076, 0.019035116549417308, 0.016714569928054458, 0.00282232048337433, 0.030017663692125628, 0.008306661788360037, 0.010291018710219601, 0.0072544393151956045, 0.03196949717622455, 0.0012122392557360917, 0.02787480367762133, 0.0018708095330919438, 0.0006322956162665872, 0.0004918933154801408, 0.002734934397965272, 0.0008507390545046233, 0.00011524488206837713, 0.0002878869185985344, 0.012290809859958129, 0.0011013332408825627, 0.05038214904520919, -3.554933122174031e-06, 0.008053590137888266]","['H4R3me2s', 'H4K8ac', 'H3K4me3', 'H3K18ac', 'Htz1', 'H3K4ac', 'H4K5ac', 'H3K23ac', 'H4K12ac', 'H3K79me3']","[0.05038215 0.04753704 0.0319695  0.03001766 0.0278748  0.01903512
 0.01788819 0.01671457 0.0145244  0.01229081]","{'H4K5ac': 0.05134985107758684, 'H4K12ac': 0.04652006149856218, 'H4K8ac': 0.08355783152379306, 'H3K4ac': 0.05378886270783292, 'H3K23ac': 0.050544883906481264, 'H3K14ac': 0.02175891429576572, 'H3K18ac': 0.06761793529435131, 'H3K9ac': 0.03450855828422295, 'H3K56ac': 0.04003138977541294, 'H3K27ac': 0.03216351782503749, 'H3K4me3': 0.07105625985460604, 'H3K4me2': 0.015352541821319432, 'Htz1': 0.0634328531485042, 'H3K79me': 0.017309586337892945, 'H3S10ph': 0.00852245768317229, 'H3K4me': 0.008816664710396256, 'H4K20me': 0.01956445473184937, 'H3K36me': 0.012955505204998219, 'H3K36me2': 0.0021473233836877734, 'H4K16ac': 0.004980798701129717, 'H3K79me3': 0.04496044565498455, 'H3K36me3': 0.01093490270399975, 'H4R3me2s': 0.08632504237984302, 'H4R3me': 0.0006670465322944807, 'H2AS129ph': 0.03212305991912871}","['H4R3me2s', 'H4K8ac', 'H3K4me3', 'H3K18ac', 'Htz1', 'H3K4ac', 'H4K5ac', 'H3K23ac', 'H4K12ac', 'H3K79me3']","['H4R3me2s', 'H4K8ac', 'H3K4me3', 'H3K18ac', 'Htz1', 'H3K4ac', 'H4K5ac', 'H3K23ac', 'H4K12ac', 'H3K79me3']","[0.05134985107758684, 0.04652006149856218, 0.08355783152379306, 0.05378886270783292, 0.050544883906481264, 0.02175891429576572, 0.06761793529435131, 0.03450855828422295, 0.04003138977541294, 0.03216351782503749, 0.07105625985460604, 0.015352541821319432, 0.0634328531485042, 0.017309586337892945, 0.00852245768317229, 0.008816664710396256, 0.01956445473184937, 0.012955505204998219, 0.0021473233836877734, 0.004980798701129717, 0.04496044565498455, 0.01093490270399975, 0.08632504237984302, 0.0006670465322944807, 0.03212305991912871]","['Htz1', 'H4K5ac', 'H4K12ac', 'H3K23ac', 'H3K79me3', 'H3K18ac', 'H4K8ac', 'H3K4ac', 'H3K4me3', 'H4R3me2s']",[],25,"{'H4K5ac': True, 'H4K12ac': True, 'H4K8ac': True, 'H3K4ac': True, 'H3K23ac': True, 'H3K14ac': True, 'H3K18ac': True, 'H3K9ac': True, 'H3K56ac': True, 'H3K27ac': True, 'H3K4me3': True, 'H3K4me2': True, 'Htz1': True, 'H3K79me': True, 'H3S10ph': True, 'H3K4me': True, 'H4K20me': True, 'H3K36me': True, 'H3K36me2': True, 'H4K16ac': True, 'H3K79me3': True, 'H3K36me3': True, 'H4R3me2s': True, 'H4R3me': True, 'H2AS129ph': True}"
H3K18ac,H3K18ac,0.0001,0.7,"[0.9497003363794831, 0.9502658961285554, 0.9508319311758073, 0.9516559710995516, 0.9531403954250155, 0.9508742291495368, 0.9526483170131759, 0.9521231495513609, 0.9536206884425735, 0.9503807115134231]",0.9515241625878483,0.0012556339420477978,0.9516151429643906,0.20929326692328612,0.16512815900371003,0.9521191525310101,0.2096943318786059,0.16557339230150694,Permutation Importance (TEST SET),"[0.0012460071051257793, 0.0010760706640473682, 0.0004550991337266108, 0.027805680530679944, 0.1514451754962884, 0.005052021005045049, 0.0024133370887248983, 0.021148848661972485, 0.02121139352081084, 0.01901004691203091, 0.20656950784769285, 0.0016398125099260086, 3.9975456223029227e-07, 0.0, 5.40635672330092e-05, 0.00010671545677061189, 0.001000001425785746, 0.0001009922862672763, 0.0011304746544516186, 0.02038374707443652, 0.027792961367139803, 0.020104596581613267, 0.005635147966899834, 0.0010820312521515718, 0.008157590723482943]","['H3K4me3', 'H3K23ac', 'H3K4ac', 'H3K79me3', 'H3K56ac', 'H3K9ac', 'H4K16ac', 'H3K36me3', 'H3K27ac', 'H2AS129ph']","[0.20656951 0.15144518 0.02780568 0.02779296 0.02121139 0.02114885
 0.02038375 0.0201046  0.01901005 0.00815759]","{'H4K5ac': 0.023119779471810133, 'H4K12ac': 0.02236828859156609, 'H4K8ac': 0.014433579287879781, 'H3K4ac': 0.11088566671720611, 'H3K23ac': 0.2608156946837981, 'H3K14ac': 0.046809386816953714, 'H2AK5ac': 0.03270489234882793, 'H3K9ac': 0.0963328603682955, 'H3K56ac': 0.0970413234481205, 'H3K27ac': 0.09122821062887769, 'H3K4me3': 0.3045093582226697, 'H3K4me2': 0.028324443995554355, 'Htz1': 0.0002761800813654211, 'H3K79me': 0.0, 'H3S10ph': 0.005975846223338165, 'H3K4me': 0.006842870693959806, 'H4K20me': 0.021301033582445658, 'H3K36me': 0.006265892687691004, 'H3K36me2': 0.023226788435616767, 'H4K16ac': 0.09729802919620778, 'H3K79me3': 0.11188809980357196, 'H3K36me3': 0.0951422299840725, 'H4R3me2s': 0.050760173453111596, 'H4R3me': 0.021935462119830596, 'H2AS129ph': 0.06076137373523864}","['H3K4me3', 'H3K23ac', 'H3K79me3', 'H3K4ac', 'H4K16ac', 'H3K56ac', 'H3K9ac', 'H3K36me3', 'H3K27ac', 'H2AS129ph']","['H3K4me3', 'H3K23ac', 'H3K79me3', 'H3K4ac', 'H4K16ac', 'H3K56ac', 'H3K9ac', 'H3K36me3', 'H3K27ac', 'H2AS129ph']","[0.023119779471810133, 0.02236828859156609, 0.014433579287879781, 0.11088566671720611, 0.2608156946837981, 0.046809386816953714, 0.03270489234882793, 0.0963328603682955, 0.0970413234481205, 0.09122821062887769, 0.3045093582226697, 0.028324443995554355, 0.0002761800813654211, 0.0, 0.005975846223338165, 0.006842870693959806, 0.021301033582445658, 0.006265892687691004, 0.023226788435616767, 0.09729802919620778, 0.11188809980357196, 0.0951422299840725, 0.050760173453111596, 0.021935462119830596, 0.06076137373523864]","['H3K27ac', 'H4K16ac', 'H3K23ac', 'H3K56ac', 'H3K79me3', 'H3K9ac', 'H3K4ac', 'H2AS129ph', 'H3K36me3', 'H3K4me3']",[],24,"{'H4K5ac': True, 'H4K12ac': True, 'H4K8ac': True, 'H3K4ac': True, 'H3K23ac': True, 'H3K14ac': True, 'H2AK5ac': True, 'H3K9ac': True, 'H3K56ac': True, 'H3K27ac': True, 'H3K4me3': True, 'H3K4me2': True, 'Htz1': True, 'H3K79me': False, 'H3S10ph': True, 'H3K4me': True, 'H4K20me': True, 'H3K36me': True, 'H3K36me2': True, 'H4K16ac': True, 'H3K79me3': True, 'H3K36me3': True, 'H4R3me2s': True, 'H4R3me': True, 'H2AS129ph': True}"
H3K9ac,H3K9ac,0.0001,0.1,"[0.9158238353735593, 0.91896986219631, 0.9146077255013763, 0.9194089329295289, 0.9218489487276806, 0.9212815028327827, 0.917882752893469, 0.9198130852204953, 0.9246647912729337, 0.9166085654728355]",0.9190910002420971,0.0028723745048020587,0.919263457167569,0.1628759074435343,0.12789773014185535,0.9205668851012215,0.16359148262478965,0.1278203751722398,Permutation Importance (TEST SET),"[0.0001989284239811262, 8.375441913792692e-05, 1.5847070226504556e-06, 0.438955444121352, 0.025182219960861306, 0.023336613580574917, 0.001644095722199912, 0.056347537455727945, 0.3251775631802323, 0.004603505310689393, 0.010267513413363927, 0.03123668887982456, 8.519732769494138e-05, 0.0002457577132300881, 0.0013812385094801871, 0.0009401475567085482, 0.008307108991119139, 0.0016171943448833436, 0.005914426454343713, 0.006824938463428109, 0.003199985597959787, 0.02145922728594273, 0.017597318520878202, 2.2699336697240557e-05, 0.0005487532391555749]","['H3K4ac', 'H3K56ac', 'H3K18ac', 'H3K4me2', 'H3K23ac', 'H3K14ac', 'H3K36me3', 'H4R3me2s', 'H3K4me3', 'H4K20me']","[0.43895544 0.32517756 0.05634754 0.03123669 0.02518222 0.02333661
 0.02145923 0.01759732 0.01026751 0.00830711]","{'H4K5ac': 0.00546514027517944, 'H4K12ac': 0.0038467173041335082, 'H4K8ac': 0.00024120095440391292, 'H3K4ac': 0.2688119946869335, 'H3K23ac': 0.06420447483891663, 'H3K14ac': 0.06224046630159008, 'H2AK5ac': 0.017124392880434772, 'H3K18ac': 0.09652788686708834, 'H3K56ac': 0.2329636630731192, 'H3K27ac': 0.027499791665783233, 'H3K4me3': 0.04132669393063281, 'H3K4me2': 0.07229108113700453, 'Htz1': 0.004334123432202023, 'H3K79me': 0.0062292826457689306, 'H3S10ph': 0.015643790654844583, 'H3K4me': 0.011822809802202823, 'H4K20me': 0.03772295403649882, 'H3K36me': 0.016237259995364222, 'H3K36me2': 0.031322748824664036, 'H4K16ac': 0.033061551130720436, 'H3K79me3': 0.021849814827304886, 'H3K36me3': 0.058437312515933426, 'H4R3me2s': 0.05452175608546091, 'H4R3me': 0.0017021232550819374, 'H2AS129ph': 0.010134794001942723}","['H3K4ac', 'H3K56ac', 'H3K18ac', 'H3K4me2', 'H3K23ac', 'H3K14ac', 'H3K36me3', 'H4R3me2s', 'H3K4me3', 'H4K20me']","['H3K4ac', 'H3K56ac', 'H3K18ac', 'H3K4me2', 'H3K23ac', 'H3K14ac', 'H3K36me3', 'H4R3me2s', 'H3K4me3', 'H4K20me']","[0.00546514027517944, 0.0038467173041335082, 0.00024120095440391292, 0.2688119946869335, 0.06420447483891663, 0.06224046630159008, 0.017124392880434772, 0.09652788686708834, 0.2329636630731192, 0.027499791665783233, 0.04132669393063281, 0.07229108113700453, 0.004334123432202023, 0.0062292826457689306, 0.015643790654844583, 0.011822809802202823, 0.03772295403649882, 0.016237259995364222, 0.031322748824664036, 0.033061551130720436, 0.021849814827304886, 0.058437312515933426, 0.05452175608546091, 0.0017021232550819374, 0.010134794001942723]","['H3K14ac', 'H3K23ac', 'H3K56ac', 'H4K20me', 'H3K18ac', 'H3K4ac', 'H3K4me2', 'H3K36me3', 'H3K4me3', 'H4R3me2s']",[],25,"{'H4K5ac': True, 'H4K12ac': True, 'H4K8ac': True, 'H3K4ac': True, 'H3K23ac': True, 'H3K14ac': True, 'H2AK5ac': True, 'H3K18ac': True, 'H3K56ac': True, 'H3K27ac': True, 'H3K4me3': True, 'H3K4me2': True, 'Htz1': True, 'H3K79me': True, 'H3S10ph': True, 'H3K4me': True, 'H4K20me': True, 'H3K36me': True, 'H3K36me2': True, 'H4K16ac': True, 'H3K79me3': True, 'H3K36me3': True, 'H4R3me2s': True, 'H4R3me': True, 'H2AS129ph': True}"
H3K56ac,H3K56ac,0.00012648552168552957,0.1,"[0.9162457572848149, 0.9164588132262729, 0.9156542844981087, 0.916356100996068, 0.9199038269288866, 0.9203177939271844, 0.9189979299013561, 0.9123494219985648, 0.9239548760934099, 0.916475366063463]",0.9176714170918128,0.0030378351087802834,0.9178829060877927,0.12352057482233621,0.09593216432289976,0.9184247795344053,0.12368927600208483,0.09610434984374817,Permutation Importance (TEST SET),"[0.0014457258687582408, 9.086552029714534e-05, 0.004862872149217157, 0.22867471031234662, 0.00136965853123725, 0.03797314707555708, 0.002075712802008889, 0.05808441172638519, 0.34072636775704096, 0.014073195479554245, 0.06677761955640589, 0.0002702162938638675, 0.00014135653472058252, 0.0009884334401094818, 0.00029371783887459645, 0.000840988018391342, 7.651225330607136e-06, 0.0004777949018156868, 0.0022821089662548033, 7.246358680096376e-05, 0.006780661723567394, 0.0003807506904956237, 0.0038371746916057935, 0.001245656696187325, 0.023172959979734266]","['H3K9ac', 'H3K4ac', 'H3K4me3', 'H3K18ac', 'H3K14ac', 'H2AS129ph', 'H3K27ac', 'H3K79me3', 'H4K8ac', 'H4R3me2s']","[0.34072637 0.22867471 0.06677762 0.05808441 0.03797315 0.02317296
 0.0140732  0.00678066 0.00486287 0.00383717]","{'H4K5ac': 0.0113965591684934, 'H4K12ac': 0.002706743228967078, 'H4K8ac': 0.020435949869121332, 'H3K4ac': 0.1461655402280651, 'H3K23ac': 0.010131256223741142, 'H3K14ac': 0.06012851493568259, 'H2AK5ac': 0.014995859037970738, 'H3K18ac': 0.0741246456741833, 'H3K9ac': 0.17809927585471733, 'H3K27ac': 0.037060557597367934, 'H3K4me3': 0.07819574612977956, 'H3K4me2': 0.005468016597341599, 'Htz1': 0.003076317497349451, 'H3K79me': 0.010195495718305386, 'H3S10ph': 0.0045750323797797724, 'H3K4me': 0.009268576494518394, 'H4K20me': 0.0004731189877067631, 'H3K36me': 0.0062536922540987975, 'H3K36me2': 0.014893259414161026, 'H4K16ac': 0.003176613963694741, 'H3K79me3': 0.025395291789645193, 'H3K36me3': 0.006102091705158452, 'H4R3me2s': 0.01822451728654203, 'H4R3me': 0.010620633722519068, 'H2AS129ph': 0.0470108033972485}","['H3K9ac', 'H3K4ac', 'H3K4me3', 'H3K18ac', 'H3K14ac', 'H2AS129ph', 'H3K27ac', 'H3K79me3', 'H4K8ac', 'H4R3me2s']","['H3K9ac', 'H3K4ac', 'H3K4me3', 'H3K18ac', 'H3K14ac', 'H2AS129ph', 'H3K27ac', 'H3K79me3', 'H4K8ac', 'H4R3me2s']","[0.0113965591684934, 0.002706743228967078, 0.020435949869121332, 0.1461655402280651, 0.010131256223741142, 0.06012851493568259, 0.014995859037970738, 0.0741246456741833, 0.17809927585471733, 0.037060557597367934, 0.07819574612977956, 0.005468016597341599, 0.003076317497349451, 0.010195495718305386, 0.0045750323797797724, 0.009268576494518394, 0.0004731189877067631, 0.0062536922540987975, 0.014893259414161026, 0.003176613963694741, 0.025395291789645193, 0.006102091705158452, 0.01822451728654203, 0.010620633722519068, 0.0470108033972485]","['H3K27ac', 'H3K14ac', 'H3K79me3', 'H3K4me3', 'H3K9ac', 'H3K18ac', 'H3K4ac', 'H2AS129ph', 'H4K8ac', 'H4R3me2s']",[],25,"{'H4K5ac': True, 'H4K12ac': True, 'H4K8ac': True, 'H3K4ac': True, 'H3K23ac': True, 'H3K14ac': True, 'H2AK5ac': True, 'H3K18ac': True, 'H3K9ac': True, 'H3K27ac': True, 'H3K4me3': True, 'H3K4me2': True, 'Htz1': True, 'H3K79me': True, 'H3S10ph': True, 'H3K4me': True, 'H4K20me': True, 'H3K36me': True, 'H3K36me2': True, 'H4K16ac': True, 'H3K79me3': True, 'H3K36me3': True, 'H4R3me2s': True, 'H4R3me': True, 'H2AS129ph': True}"
H3K27ac,H3K27ac,0.0001,0.1,"[0.7611257997948522, 0.7556833205198542, 0.7579300340381578, 0.757297368751839, 0.7482237244269315, 0.7703109543975623, 0.7614523119354519, 0.7495625767401344, 0.756848494782402, 0.7600778129099218]",0.7578512398297107,0.005927072803461262,0.7582851697100731,0.18678691731524283,0.14803605823943056,0.7674563368149334,0.18499423892937258,0.1464453374005442,Permutation Importance (TEST SET),"[0.00872557485257901, 0.007922348458883666, 0.0031501598873356794, 0.0010804328769685955, 0.15850757143227384, 0.05746409207356266, 0.013820544773017274, 0.4582185532405954, 0.042307822799489136, 0.12840468568764807, 0.02807115477835579, 0.0005927093218342172, 0.0004280968936186125, 0.005695301264931207, 0.0005312355797940982, 0.02041474034985713, 0.0020579602753177384, 0.0015197611744364515, 0.011621305892437317, 0.014539625997515671, 0.013699422024581076, 0.0009018390509801244, 0.08588662362011848, 0.0006587581749296301, 0.03004335638567268]","['H3K18ac', 'H3K23ac', 'H3K56ac', 'H4R3me2s', 'H3K14ac', 'H3K9ac', 'H2AS129ph', 'H3K4me3', 'H3K4me', 'H4K16ac']","[0.45821855 0.15850757 0.12840469 0.08588662 0.05746409 0.04230782
 0.03004336 0.02807115 0.02041474 0.01453963]","{'H4K5ac': 0.02537347287690293, 'H4K12ac': 0.024374051650059538, 'H4K8ac': 0.015325651099012981, 'H3K4ac': 0.0092849570048313, 'H3K23ac': 0.10629735652179402, 'H3K14ac': 0.06457114047686001, 'H2AK5ac': 0.03112613144492306, 'H3K18ac': 0.18166139453960173, 'H3K9ac': 0.054398612736016906, 'H3K56ac': 0.0959705948478526, 'H3K4me3': 0.04440886556404737, 'H3K4me2': 0.006440684660704896, 'Htz1': 0.006507544738421158, 'H3K79me': 0.021023523760680857, 'H3S10ph': 0.004612211145176363, 'H3K4me': 0.03747271035235519, 'H4K20me': 0.012032277165284863, 'H3K36me': 0.010167022266986517, 'H3K36me2': 0.028877770138399404, 'H4K16ac': 0.0321788514288011, 'H3K79me3': 0.03137686567129964, 'H3K36me3': 0.008398707518302672, 'H4R3me2s': 0.07954004209792774, 'H4R3me': 0.006173869341680776, 'H2AS129ph': 0.04798294639492173}","['H3K18ac', 'H3K23ac', 'H3K56ac', 'H4R3me2s', 'H3K14ac', 'H3K9ac', 'H2AS129ph', 'H3K4me3', 'H3K4me', 'H4K16ac']","['H3K18ac', 'H3K23ac', 'H3K56ac', 'H4R3me2s', 'H3K14ac', 'H3K9ac', 'H2AS129ph', 'H3K4me3', 'H3K4me', 'H4K16ac']","[0.02537347287690293, 0.024374051650059538, 0.015325651099012981, 0.0092849570048313, 0.10629735652179402, 0.06457114047686001, 0.03112613144492306, 0.18166139453960173, 0.054398612736016906, 0.0959705948478526, 0.04440886556404737, 0.006440684660704896, 0.006507544738421158, 0.021023523760680857, 0.004612211145176363, 0.03747271035235519, 0.012032277165284863, 0.010167022266986517, 0.028877770138399404, 0.0321788514288011, 0.03137686567129964, 0.008398707518302672, 0.07954004209792774, 0.006173869341680776, 0.04798294639492173]","['H4K16ac', 'H3K4me', 'H3K14ac', 'H3K23ac', 'H3K56ac', 'H3K18ac', 'H3K9ac', 'H2AS129ph', 'H3K4me3', 'H4R3me2s']",[],25,"{'H4K5ac': True, 'H4K12ac': True, 'H4K8ac': True, 'H3K4ac': True, 'H3K23ac': True, 'H3K14ac': True, 'H2AK5ac': True, 'H3K18ac': True, 'H3K9ac': True, 'H3K56ac': True, 'H3K4me3': True, 'H3K4me2': True, 'Htz1': True, 'H3K79me': True, 'H3S10ph': True, 'H3K4me': True, 'H4K20me': True, 'H3K36me': True, 'H3K36me2': True, 'H4K16ac': True, 'H3K79me3': True, 'H3K36me3': True, 'H4R3me2s': True, 'H4R3me': True, 'H2AS129ph': True}"
H3K4me3,H3K4me3,0.0001,0.1,"[0.9339033045268516, 0.9315252279488297, 0.9354200617949805, 0.9358234559132931, 0.9343990433265595, 0.9337861604205733, 0.9328031819597494, 0.9322929574114477, 0.9340970168438962, 0.9333514134415425]",0.9337401823587724,0.0012562551164771272,0.933844578814142,0.2981940829082246,0.2336257907038116,0.9338640420862989,0.30042623671669455,0.23580708169331469,Permutation Importance (TEST SET),"[6.983717040737192e-05, 0.00019554259031341338, 0.0013065846417900206, 0.002080060593077415, 0.021631769071401942, 0.5166722053408825, 0.004934374549293008, 0.38263293865547504, 0.007295612907403781, 0.04333349454769455, 0.0022709407182277654, 0.23843526143970636, 0.0003757753244564177, 0.0006794417738525405, 0.0004691440959164295, 0.20663995833243015, 0.021457900557389043, 0.0020110442582848996, 0.0009625229410645364, 0.0009283007966433221, 0.09010356216957094, 0.0061905216840064115, 0.014968580759418582, 0.0010839566272462186, 0.006215920569658995]","['H3K14ac', 'H3K18ac', 'H3K4me2', 'H3K4me', 'H3K79me3', 'H3K56ac', 'H3K23ac', 'H4K20me', 'H4R3me2s', 'H3K9ac']","[0.51667221 0.38263294 0.23843526 0.20663996 0.09010356 0.04333349
 0.02163177 0.0214579  0.01496858 0.00729561]","{'H4K5ac': 0.0056969430278991096, 'H4K12ac': 0.01063187397031234, 'H4K8ac': 0.031312120548211544, 'H3K4ac': 0.03608819427089643, 'H3K23ac': 0.11987388140661932, 'H3K14ac': 0.5893081610234443, 'H2AK5ac': 0.05760766399245668, 'H3K18ac': 0.5076296851128306, 'H3K9ac': 0.0685555363057599, 'H3K56ac': 0.1702592390660492, 'H3K27ac': 0.03719797734522119, 'H3K4me2': 0.40298408077854525, 'Htz1': 0.015328620766603723, 'H3K79me': 0.02102357387423043, 'H3S10ph': 0.019306870119199945, 'H3K4me': 0.3739561506583777, 'H4K20me': 0.11999527526818551, 'H3K36me': 0.03694271280841224, 'H3K36me2': 0.02388927365172951, 'H4K16ac': 0.02268558980554008, 'H3K79me3': 0.24598781673840495, 'H3K36me3': 0.06463354814920541, 'H4R3me2s': 0.10197320464328465, 'H4R3me': 0.025908417989688813, 'H2AS129ph': 0.06554500504976705}","['H3K14ac', 'H3K18ac', 'H3K4me2', 'H3K4me', 'H3K79me3', 'H3K56ac', 'H4K20me', 'H3K23ac', 'H4R3me2s', 'H3K9ac']","['H3K14ac', 'H3K18ac', 'H3K4me2', 'H3K4me', 'H3K79me3', 'H3K56ac', 'H4K20me', 'H3K23ac', 'H4R3me2s', 'H3K9ac']","[0.0056969430278991096, 0.01063187397031234, 0.031312120548211544, 0.03608819427089643, 0.11987388140661932, 0.5893081610234443, 0.05760766399245668, 0.5076296851128306, 0.0685555363057599, 0.1702592390660492, 0.03719797734522119, 0.40298408077854525, 0.015328620766603723, 0.02102357387423043, 0.019306870119199945, 0.3739561506583777, 0.11999527526818551, 0.03694271280841224, 0.02388927365172951, 0.02268558980554008, 0.24598781673840495, 0.06463354814920541, 0.10197320464328465, 0.025908417989688813, 0.06554500504976705]","['H3K4me', 'H3K14ac', 'H3K56ac', 'H3K23ac', 'H4K20me', 'H3K79me3', 'H3K18ac', 'H3K9ac', 'H3K4me2', 'H4R3me2s']",[],25,"{'H4K5ac': True, 'H4K12ac': True, 'H4K8ac': True, 'H3K4ac': True, 'H3K23ac': True, 'H3K14ac': True, 'H2AK5ac': True, 'H3K18ac': True, 'H3K9ac': True, 'H3K56ac': True, 'H3K27ac': True, 'H3K4me2': True, 'Htz1': True, 'H3K79me': True, 'H3S10ph': True, 'H3K4me': True, 'H4K20me': True, 'H3K36me': True, 'H3K36me2': True, 'H4K16ac': True, 'H3K79me3': True, 'H3K36me3': True, 'H4R3me2s': True, 'H4R3me': True, 'H2AS129ph': True}"
H3K4me2,H3K4me2,0.0001,0.1,"[0.8825815649724605, 0.88629901323815, 0.8842540450111921, 0.8870062370206321, 0.883185121322865, 0.8875588945524524, 0.8864056356518759, 0.8889381728908827, 0.8840035346816824, 0.8908306983431676]",0.8861062917685361,0.002493904849418278,0.886314254291734,0.2540583958395809,0.20060799932201787,0.8869863281303928,0.25405687815523814,0.20045170301524223,Permutation Importance (TEST SET),"[0.0008470020506353481, 0.00045930846871735655, 0.0023420183546277395, 0.005628471368275645, 0.00047733999511739844, 0.2971811680321743, 0.0006320382979206896, 0.0101296559251561, 0.06416283599912295, 0.0006403473662667025, 0.00012727868142641262, 0.7192901629270375, -7.794396105864631e-06, 0.0014233040657281814, 0.0002109291947099412, 0.6900077856410262, 0.02221215722487776, 0.06631851244764994, 0.26436687709201523, 0.006921357102733172, 0.045361436241822914, 0.017321164578785797, 0.013160902513833294, 2.1716097744506337e-05, 0.0011378438859990347]","['H3K4me3', 'H3K4me', 'H3K14ac', 'H3K36me2', 'H3K36me', 'H3K9ac', 'H3K79me3', 'H4K20me', 'H3K36me3', 'H4R3me2s']","[0.71929016 0.69000779 0.29718117 0.26436688 0.06631851 0.06416284
 0.04536144 0.02221216 0.01732116 0.0131609 ]","{'H4K5ac': 0.014453894175885601, 'H4K12ac': 0.011690626966082775, 'H4K8ac': 0.025987777679930716, 'H3K4ac': 0.03980531054009538, 'H3K23ac': 0.01140654126099755, 'H3K14ac': 0.28906281066187417, 'H2AK5ac': 0.013775347917739027, 'H3K18ac': 0.05358476841217055, 'H3K9ac': 0.13385493969573864, 'H3K56ac': 0.013381810706889034, 'H3K27ac': 0.006106573463899831, 'H3K4me3': 0.4496729917031827, 'Htz1': 0.00355585121194697, 'H3K79me': 0.019447985462035675, 'H3S10ph': 0.007769978062726244, 'H3K4me': 0.44367074655874117, 'H4K20me': 0.07952708767395415, 'H3K36me': 0.1347878122840333, 'H3K36me2': 0.27344186618160654, 'H4K16ac': 0.0440340978173046, 'H3K79me3': 0.11207103338493302, 'H3K36me3': 0.06978702759993342, 'H4R3me2s': 0.061649997203153874, 'H4R3me': 0.0020718451561065553, 'H2AS129ph': 0.017933403588387672}","['H3K4me3', 'H3K4me', 'H3K14ac', 'H3K36me2', 'H3K36me', 'H3K9ac', 'H3K79me3', 'H4K20me', 'H3K36me3', 'H4R3me2s']","['H3K4me3', 'H3K4me', 'H3K14ac', 'H3K36me2', 'H3K36me', 'H3K9ac', 'H3K79me3', 'H4K20me', 'H3K36me3', 'H4R3me2s']","[0.014453894175885601, 0.011690626966082775, 0.025987777679930716, 0.03980531054009538, 0.01140654126099755, 0.28906281066187417, 0.013775347917739027, 0.05358476841217055, 0.13385493969573864, 0.013381810706889034, 0.006106573463899831, 0.4496729917031827, 0.00355585121194697, 0.019447985462035675, 0.007769978062726244, 0.44367074655874117, 0.07952708767395415, 0.1347878122840333, 0.27344186618160654, 0.0440340978173046, 0.11207103338493302, 0.06978702759993342, 0.061649997203153874, 0.0020718451561065553, 0.017933403588387672]","['H3K4me', 'H3K14ac', 'H4K20me', 'H3K36me', 'H3K36me2', 'H3K79me3', 'H3K9ac', 'H3K36me3', 'H3K4me3', 'H4R3me2s']",[],25,"{'H4K5ac': True, 'H4K12ac': True, 'H4K8ac': True, 'H3K4ac': True, 'H3K23ac': True, 'H3K14ac': True, 'H2AK5ac': True, 'H3K18ac': True, 'H3K9ac': True, 'H3K56ac': True, 'H3K27ac': True, 'H3K4me3': True, 'Htz1': True, 'H3K79me': True, 'H3S10ph': True, 'H3K4me': True, 'H4K20me': True, 'H3K36me': True, 'H3K36me2': True, 'H4K16ac': True, 'H3K79me3': True, 'H3K36me3': True, 'H4R3me2s': True, 'H4R3me': True, 'H2AS129ph': True}"
Htz1,Htz1,0.00012648552168552957,0.5,"[0.5468943213810057, 0.5647175260970332, 0.546274936520206, 0.5413318173333282, 0.5528672402362562, 0.5523813048379416, 0.5475994902501324, 0.5341896709068297, 0.5423526624543871, 0.5449661698579977]",0.5473575139875118,0.00773872618292504,0.5482786328704278,0.30676919892879373,0.2404447413663384,0.5459762888530884,0.30853165433807633,0.24201147618665492,Permutation Importance (TEST SET),"[0.005843347953658195, 0.0005716254811284349, 0.015846894697901036, 0.0012214948964926141, 0.0996893946632018, 0.0393917423802617, 0.18410781813712646, 1.8921292667695157e-05, 0.003122413796981727, 0.0028831474238571464, 0.0018355888767271344, 0.016064778676744263, 0.000710041126765193, 0.08943816636170249, 0.0006846038688780975, 0.019123559649269862, 0.008726888245122267, 0.03358075324229605, 0.0865044292156225, 0.0013798119274676557, 0.05343968818543247, 0.24618201378779553, 0.009528650994321531, 0.00023903424031804788, 0.017287713052806276]","['H3K36me3', 'H2AK5ac', 'H3K23ac', 'H3K79me', 'H3K36me2', 'H3K79me3', 'H3K14ac', 'H3K36me', 'H3K4me', 'H2AS129ph']","[0.24618201 0.18410782 0.09968939 0.08943817 0.08650443 0.05343969
 0.03939174 0.03358075 0.01912356 0.01728771]","{'H4K5ac': 0.022554546317550477, 'H4K12ac': 0.007951054059607783, 'H4K8ac': 0.04098706053754495, 'H3K4ac': 0.011894456939263134, 'H3K23ac': 0.10154056746338301, 'H3K14ac': 0.0630620896060735, 'H2AK5ac': 0.13777315728915346, 'H3K18ac': 0.0011076972365303334, 'H3K9ac': 0.017602680547546712, 'H3K56ac': 0.01761957830560351, 'H3K27ac': 0.014192682941045625, 'H3K4me3': 0.040439328406001, 'H3K4me2': 0.008793505599499828, 'H3K79me': 0.09630385218718461, 'H3S10ph': 0.006836232874424172, 'H3K4me': 0.04325029652621312, 'H4K20me': 0.030217951517692937, 'H3K36me': 0.06010419276086767, 'H3K36me2': 0.09590617391361748, 'H4K16ac': 0.01022648157951839, 'H3K79me3': 0.07307204425022161, 'H3K36me3': 0.16016186400828467, 'H4R3me2s': 0.0316822461960939, 'H4R3me': 0.0049291588235787845, 'H2AS129ph': 0.0430771245716617}","['H3K36me3', 'H2AK5ac', 'H3K23ac', 'H3K79me', 'H3K36me2', 'H3K79me3', 'H3K14ac', 'H3K36me', 'H3K4me', 'H2AS129ph']","['H3K36me3', 'H2AK5ac', 'H3K23ac', 'H3K79me', 'H3K36me2', 'H3K79me3', 'H3K14ac', 'H3K36me', 'H3K4me', 'H2AS129ph']","[0.022554546317550477, 0.007951054059607783, 0.04098706053754495, 0.011894456939263134, 0.10154056746338301, 0.0630620896060735, 0.13777315728915346, 0.0011076972365303334, 0.017602680547546712, 0.01761957830560351, 0.014192682941045625, 0.040439328406001, 0.008793505599499828, 0.09630385218718461, 0.006836232874424172, 0.04325029652621312, 0.030217951517692937, 0.06010419276086767, 0.09590617391361748, 0.01022648157951839, 0.07307204425022161, 0.16016186400828467, 0.0316822461960939, 0.0049291588235787845, 0.0430771245716617]","['H3K4me', 'H3K14ac', 'H3K23ac', 'H3K36me', 'H3K36me2', 'H3K79me3', 'H2AK5ac', 'H3K79me', 'H2AS129ph', 'H3K36me3']",[],25,"{'H4K5ac': True, 'H4K12ac': True, 'H4K8ac': True, 'H3K4ac': True, 'H3K23ac': True, 'H3K14ac': True, 'H2AK5ac': True, 'H3K18ac': True, 'H3K9ac': True, 'H3K56ac': True, 'H3K27ac': True, 'H3K4me3': True, 'H3K4me2': True, 'H3K79me': True, 'H3S10ph': True, 'H3K4me': True, 'H4K20me': True, 'H3K36me': True, 'H3K36me2': True, 'H4K16ac': True, 'H3K79me3': True, 'H3K36me3': True, 'H4R3me2s': True, 'H4R3me': True, 'H2AS129ph': True}"
H3K79me,H3K79me,0.0001,0.7,"[0.6988138935394085, 0.6804999662915814, 0.7092805966450855, 0.6918858115770472, 0.6777364880851113, 0.7056813830372948, 0.696910100812185, 0.6849844613630769, 0.6924329650893543, 0.6943619424990641]",0.6932587608939209,0.009649809881212173,0.693841574664798,0.24943419811411238,0.1951460310746037,0.6914381111074743,0.251817258144996,0.1960043292880613,Permutation Importance (TEST SET),"[0.0020281476835082636, 0.0049950876334283415, 0.004824225938254834, 0.0009117050063468413, 0.005278389358397184, 0.0994965633739586, 0.0058413407860307244, 0.0, 0.0028684888474319824, 0.014686710393257585, 0.00907446917683714, 0.013382465894786633, 0.0076480083694936305, 0.040627209324803015, 0.0001820215402377978, 0.008289093391248914, 0.011746363070817334, 0.1853646479516115, 0.04903896149685434, 0.03727035003989463, 0.8994040080291816, 0.0047568664056494405, -1.5074065639719692e-06, 0.024671953285319903, 0.003323080609406781]","['H3K79me3', 'H3K36me', 'H3K14ac', 'H3K36me2', 'Htz1', 'H4K16ac', 'H4R3me', 'H3K56ac', 'H3K4me3', 'H4K20me']","[0.89940401 0.18536465 0.09949656 0.04903896 0.04062721 0.03727035
 0.02467195 0.01468671 0.01338247 0.01174636]","{'H4K5ac': 0.01637802913789477, 'H4K12ac': 0.024137867903530345, 'H4K8ac': 0.01961485930122806, 'H3K4ac': 0.00954412483533421, 'H3K23ac': 0.023785263786476725, 'H3K14ac': 0.09972365430088703, 'H2AK5ac': 0.024946720786100874, 'H3K18ac': 0.0, 'H3K9ac': 0.017202132317206697, 'H3K56ac': 0.03904580658802858, 'H3K27ac': 0.03131024563148879, 'H3K4me3': 0.037562113739093295, 'H3K4me2': 0.030255535582406286, 'Htz1': 0.06462038294177495, 'H3S10ph': 0.005259877672432185, 'H3K4me': 0.027300388259777677, 'H4K20me': 0.033330674438756605, 'H3K36me': 0.13506208369274622, 'H3K36me2': 0.06792709321093748, 'H4K16ac': 0.06193914393494989, 'H3K79me3': 0.3021055668087271, 'H3K36me3': 0.023695871539782396, 'H4R3me2s': 0.002288792049129832, 'H4R3me': 0.051830178427113426, 'H2AS129ph': 0.019027392669595522}","['H3K79me3', 'H3K36me', 'H3K14ac', 'H3K36me2', 'Htz1', 'H4K16ac', 'H4R3me', 'H3K56ac', 'H3K4me3', 'H4K20me']","['H3K79me3', 'H3K36me', 'H3K14ac', 'H3K36me2', 'Htz1', 'H4K16ac', 'H4R3me', 'H3K56ac', 'H3K4me3', 'H4K20me']","[0.01637802913789477, 0.024137867903530345, 0.01961485930122806, 0.00954412483533421, 0.023785263786476725, 0.09972365430088703, 0.024946720786100874, 0.0, 0.017202132317206697, 0.03904580658802858, 0.03131024563148879, 0.037562113739093295, 0.030255535582406286, 0.06462038294177495, 0.005259877672432185, 0.027300388259777677, 0.033330674438756605, 0.13506208369274622, 0.06792709321093748, 0.06193914393494989, 0.3021055668087271, 0.023695871539782396, 0.002288792049129832, 0.051830178427113426, 0.019027392669595522]","['H4K16ac', 'Htz1', 'H3K14ac', 'H3K56ac', 'H4K20me', 'H3K36me', 'H3K36me2', 'H3K79me3', 'H4R3me', 'H3K4me3']",[],24,"{'H4K5ac': True, 'H4K12ac': True, 'H4K8ac': True, 'H3K4ac': True, 'H3K23ac': True, 'H3K14ac': True, 'H2AK5ac': True, 'H3K18ac': False, 'H3K9ac': True, 'H3K56ac': True, 'H3K27ac': True, 'H3K4me3': True, 'H3K4me2': True, 'Htz1': True, 'H3S10ph': True, 'H3K4me': True, 'H4K20me': True, 'H3K36me': True, 'H3K36me2': True, 'H4K16ac': True, 'H3K79me3': True, 'H3K36me3': True, 'H4R3me2s': True, 'H4R3me': True, 'H2AS129ph': True}"
H3S10ph,H3S10ph,0.00015998587196060574,0.1,"[0.11862893635912353, 0.14172877875867096, 0.1336017408752448, 0.12006557463019873, 0.1187402598798315, 0.13249859252281093, 0.14889369521652351, 0.12253479688689362, 0.13552711683656216, 0.12577623797584558]",0.12979957299417053,0.00986024263998564,0.13081600339389143,0.34816543665050514,0.24462401564744257,0.12661732506296797,0.34684153437649784,0.24269188378198178,Permutation Importance (TEST SET),"[-1.8997653966768e-05, 0.0005661230526436744, 0.038340505393730316, 0.035211310312807366, 0.05707641767257101, 0.0005198719362775606, 0.013403399413970295, 0.02475826227708584, 0.1725888824664384, 0.02677406200217074, 0.004810112818958268, 0.09927382165642074, 0.011802819079636517, 0.0017271382303200799, 0.0012722136202438338, 0.05437552499576329, 0.011356843070993328, 0.002935598131474648, 0.0012745587822128313, 0.03335954272011772, 0.018462418974642524, 0.08789509843288912, 0.02232592398502975, 0.00038100761938474336, 0.0363688258241465]","['H3K9ac', 'H3K4me3', 'H3K36me3', 'H3K23ac', 'H3K4me', 'H4K8ac', 'H2AS129ph', 'H3K4ac', 'H4K16ac', 'H3K56ac']","[0.17258888 0.09927382 0.0878951  0.05707642 0.05437552 0.03834051
 0.03636883 0.03521131 0.03335954 0.02677406]","{'H4K5ac': 0.002394197730780038, 'H4K12ac': 0.004963030357570163, 'H4K8ac': 0.049508699521024546, 'H3K4ac': 0.048569120264958764, 'H3K23ac': 0.062034209482125305, 'H3K14ac': 0.0059158544309761765, 'H2AK5ac': 0.029228768722662526, 'H3K18ac': 0.041639618018661055, 'H3K9ac': 0.10923042877018534, 'H3K56ac': 0.04171880891094322, 'H3K27ac': 0.01625494763171724, 'H3K4me3': 0.08119994879602634, 'H3K4me2': 0.029472590714975176, 'Htz1': 0.010876009851141281, 'H3K79me': 0.012457501629153215, 'H3K4me': 0.06226695759431093, 'H4K20me': 0.02649309651868105, 'H3K36me': 0.015078688398684625, 'H3K36me2': 0.009098530242125877, 'H4K16ac': 0.048401584644905356, 'H3K79me3': 0.036873951337094465, 'H3K36me3': 0.07845694733167777, 'H4R3me2s': 0.03854441017299834, 'H4R3me': 0.004903021288869286, 'H2AS129ph': 0.047490147636265}","['H3K9ac', 'H3K4me3', 'H3K36me3', 'H3K4me', 'H3K23ac', 'H4K8ac', 'H3K4ac', 'H4K16ac', 'H2AS129ph', 'H3K56ac']","['H3K9ac', 'H3K4me3', 'H3K36me3', 'H3K4me', 'H3K23ac', 'H4K8ac', 'H3K4ac', 'H4K16ac', 'H2AS129ph', 'H3K56ac']","[0.002394197730780038, 0.004963030357570163, 0.049508699521024546, 0.048569120264958764, 0.062034209482125305, 0.0059158544309761765, 0.029228768722662526, 0.041639618018661055, 0.10923042877018534, 0.04171880891094322, 0.01625494763171724, 0.08119994879602634, 0.029472590714975176, 0.010876009851141281, 0.012457501629153215, 0.06226695759431093, 0.02649309651868105, 0.015078688398684625, 0.009098530242125877, 0.048401584644905356, 0.036873951337094465, 0.07845694733167777, 0.03854441017299834, 0.004903021288869286, 0.047490147636265]","['H4K16ac', 'H3K4me', 'H3K23ac', 'H3K56ac', 'H3K4me3', 'H3K9ac', 'H3K4ac', 'H2AS129ph', 'H3K36me3', 'H4K8ac']",[],25,"{'H4K5ac': True, 'H4K12ac': True, 'H4K8ac': True, 'H3K4ac': True, 'H3K23ac': True, 'H3K14ac': True, 'H2AK5ac': True, 'H3K18ac': True, 'H3K9ac': True, 'H3K56ac': True, 'H3K27ac': True, 'H3K4me3': True, 'H3K4me2': True, 'Htz1': True, 'H3K79me': True, 'H3K4me': True, 'H4K20me': True, 'H3K36me': True, 'H3K36me2': True, 'H4K16ac': True, 'H3K79me3': True, 'H3K36me3': True, 'H4R3me2s': True, 'H4R3me': True, 'H2AS129ph': True}"
H3K4me,H3K4me,0.0001,0.1,"[0.8653831946922383, 0.8641556286291445, 0.8606597378823239, 0.8595346954384585, 0.8581293903998488, 0.8577659665551302, 0.8635516484135531, 0.8579455076428595, 0.8619802445999497, 0.857719088065697]",0.8606825102319204,0.0027693095452694994,0.8609714295012894,0.2330452147341146,0.18345028461699925,0.8601314321048888,0.23458578140747885,0.18443985667497925,Permutation Importance (TEST SET),"[0.0035964970360730097, 0.003724612381750525, 0.0016096926784142651, 0.0007793003076065341, 0.031760789046305006, 0.09874574192592567, 0.0004523160639916757, 0.0007881972177554153, 0.002801880296372039, 0.0027357790607779654, 0.007090743771112895, 0.9250796237614269, 1.0333453893051776, 0.0021573484954218068, 0.0017583115626201296, 0.001310541559505729, 0.17917385150051612, 0.0011766156735471655, 0.02591157271149669, 0.0006676606963253118, 0.05156748934603876, 0.07211860664149963, 0.0003373318305048056, 0.002678178058261793, 0.009425750629068485]","['H3K4me2', 'H3K4me3', 'H4K20me', 'H3K14ac', 'H3K36me3', 'H3K79me3', 'H3K23ac', 'H3K36me2', 'H2AS129ph', 'H3K27ac']","[1.03334539 0.92507962 0.17917385 0.09874574 0.07211861 0.05156749
 0.03176079 0.02591157 0.00942575 0.00709074]","{'H4K5ac': 0.0253529043278608, 'H4K12ac': 0.028338563958944435, 'H4K8ac': 0.016126441977203674, 'H3K4ac': 0.011455067210450394, 'H3K23ac': 0.07775035798960386, 'H3K14ac': 0.13872325078549758, 'H2AK5ac': 0.008302200191080326, 'H3K18ac': 0.01287924947272971, 'H3K9ac': 0.0222477343858797, 'H3K56ac': 0.0226323974981731, 'H3K27ac': 0.03540288267800447, 'H3K4me3': 0.42331662487202537, 'H3K4me2': 0.44988098681800487, 'Htz1': 0.01836760277520537, 'H3K79me': 0.017568780896062158, 'H3S10ph': 0.016737604311839988, 'H4K20me': 0.18700365390679302, 'H3K36me': 0.016761840235912023, 'H3K36me2': 0.07131169591403244, 'H4K16ac': 0.011082097665942411, 'H3K79me3': 0.09936851817238024, 'H3K36me3': 0.11748978293189431, 'H4R3me2s': 0.009073075683714649, 'H4R3me': 0.022096272694072612, 'H2AS129ph': 0.04252667426476796}","['H3K4me2', 'H3K4me3', 'H4K20me', 'H3K14ac', 'H3K36me3', 'H3K79me3', 'H3K23ac', 'H3K36me2', 'H2AS129ph', 'H3K27ac']","['H3K4me2', 'H3K4me3', 'H4K20me', 'H3K14ac', 'H3K36me3', 'H3K79me3', 'H3K23ac', 'H3K36me2', 'H2AS129ph', 'H3K27ac']","[0.0253529043278608, 0.028338563958944435, 0.016126441977203674, 0.011455067210450394, 0.07775035798960386, 0.13872325078549758, 0.008302200191080326, 0.01287924947272971, 0.0222477343858797, 0.0226323974981731, 0.03540288267800447, 0.42331662487202537, 0.44988098681800487, 0.01836760277520537, 0.017568780896062158, 0.016737604311839988, 0.18700365390679302, 0.016761840235912023, 0.07131169591403244, 0.011082097665942411, 0.09936851817238024, 0.11748978293189431, 0.009073075683714649, 0.022096272694072612, 0.04252667426476796]","['H3K27ac', 'H3K14ac', 'H3K23ac', 'H4K20me', 'H3K36me2', 'H3K79me3', 'H3K4me2', 'H2AS129ph', 'H3K36me3', 'H3K4me3']",[],25,"{'H4K5ac': True, 'H4K12ac': True, 'H4K8ac': True, 'H3K4ac': True, 'H3K23ac': True, 'H3K14ac': True, 'H2AK5ac': True, 'H3K18ac': True, 'H3K9ac': True, 'H3K56ac': True, 'H3K27ac': True, 'H3K4me3': True, 'H3K4me2': True, 'Htz1': True, 'H3K79me': True, 'H3S10ph': True, 'H4K20me': True, 'H3K36me': True, 'H3K36me2': True, 'H4K16ac': True, 'H3K79me3': True, 'H3K36me3': True, 'H4R3me2s': True, 'H4R3me': True, 'H2AS129ph': True}"
H4K20me,H4K20me,0.0001,0.5,"[0.8251175017932744, 0.825007008721273, 0.824931729359395, 0.8246684481796912, 0.8298205468104968, 0.8127290997346891, 0.8228715599034913, 0.8326841491373048, 0.8192427478700184, 0.8229173854721669]",0.8239990176981801,0.005147631426586735,0.8243570652172125,0.17146403444197483,0.13523896885997372,0.828054762401378,0.17021712161483687,0.13387241230481997,Permutation Importance (TEST SET),"[0.004161377831355473, 0.0018576468329067452, 0.00110299047640795, 0.005199690724367156, 0.003687807472230187, 0.09604889270421448, 0.0028098638277962553, 0.01246498461983182, 0.04217294070780546, -1.8033158000418937e-06, 0.0008667865876639813, 0.14839447949397386, 0.053436137615704093, 0.0011668926868047325, 0.0035419295786462413, 0.0003864178825829234, 0.2871726164266534, 0.11169173558884268, -3.3289437734840275e-06, 0.013033386275297109, 0.005938238548385766, 0.004810073504786105, 0.1342323509514181, 0.009511760619772625, 0.001275326882275285]","['H3K4me', 'H3K4me3', 'H4R3me2s', 'H3K36me', 'H3K14ac', 'H3K4me2', 'H3K9ac', 'H4K16ac', 'H3K18ac', 'H4R3me']","[0.28717262 0.14839448 0.13423235 0.11169174 0.09604889 0.05343614
 0.04217294 0.01303339 0.01246498 0.00951176]","{'H4K5ac': 0.01819145676494071, 'H4K12ac': 0.013571428641120587, 'H4K8ac': 0.009200730351122214, 'H3K4ac': 0.01974469606809789, 'H3K23ac': 0.017096819479645815, 'H3K14ac': 0.08946570863578344, 'H2AK5ac': 0.014766891016730892, 'H3K18ac': 0.032614294724905325, 'H3K9ac': 0.05815640125058806, 'H3K56ac': 0.00026977016490976793, 'H3K27ac': 0.009309799104799179, 'H3K4me3': 0.11087221372096058, 'H3K4me2': 0.06657072841868322, 'Htz1': 0.010585845882896107, 'H3K79me': 0.017216208253365627, 'H3S10ph': 0.005826884531732588, 'H3K4me': 0.15474459003699914, 'H3K36me': 0.09720842054611306, 'H3K36me2': 0.00020913560328894085, 'H4K16ac': 0.03322937943768153, 'H3K79me3': 0.021908483306284168, 'H3K36me3': 0.01998010127587706, 'H4R3me2s': 0.1052388518131962, 'H4R3me': 0.02734405425540873, 'H2AS129ph': 0.011079642396681572}","['H3K4me', 'H3K4me3', 'H4R3me2s', 'H3K36me', 'H3K14ac', 'H3K4me2', 'H3K9ac', 'H4K16ac', 'H3K18ac', 'H4R3me']","['H3K4me', 'H3K4me3', 'H4R3me2s', 'H3K36me', 'H3K14ac', 'H3K4me2', 'H3K9ac', 'H4K16ac', 'H3K18ac', 'H4R3me']","[0.01819145676494071, 0.013571428641120587, 0.009200730351122214, 0.01974469606809789, 0.017096819479645815, 0.08946570863578344, 0.014766891016730892, 0.032614294724905325, 0.05815640125058806, 0.00026977016490976793, 0.009309799104799179, 0.11087221372096058, 0.06657072841868322, 0.010585845882896107, 0.017216208253365627, 0.005826884531732588, 0.15474459003699914, 0.09720842054611306, 0.00020913560328894085, 0.03322937943768153, 0.021908483306284168, 0.01998010127587706, 0.1052388518131962, 0.02734405425540873, 0.011079642396681572]","['H4K16ac', 'H3K4me', 'H3K14ac', 'H3K36me', 'H3K9ac', 'H3K18ac', 'H3K4me2', 'H4R3me', 'H3K4me3', 'H4R3me2s']",[],25,"{'H4K5ac': True, 'H4K12ac': True, 'H4K8ac': True, 'H3K4ac': True, 'H3K23ac': True, 'H3K14ac': True, 'H2AK5ac': True, 'H3K18ac': True, 'H3K9ac': True, 'H3K56ac': True, 'H3K27ac': True, 'H3K4me3': True, 'H3K4me2': True, 'Htz1': True, 'H3K79me': True, 'H3S10ph': True, 'H3K4me': True, 'H3K36me': True, 'H3K36me2': True, 'H4K16ac': True, 'H3K79me3': True, 'H3K36me3': True, 'H4R3me2s': True, 'H4R3me': True, 'H2AS129ph': True}"
H3K36me,H3K36me,0.00012648552168552957,0.1,"[0.7160940249694436, 0.7276937896982423, 0.707813932569642, 0.7307363978213153, 0.7290419465097489, 0.722266055690806, 0.7243456636163559, 0.7368992714622136, 0.724021527147472, 0.730962078837779]",0.7249874688323018,0.00785604793306212,0.7257078859161932,0.22140603165876607,0.17323585833441704,0.7292592482675098,0.2212606281002603,0.1727750290613342,Permutation Importance (TEST SET),"[0.024936359856262313, 0.011584387690641351, 0.007316219635881615, 0.03313827955965707, 0.0005308701198024956, 0.014507999940222416, 0.0028720811541936286, 0.0029706937792468024, 0.018329257482160754, 0.004970206920420628, 0.0021643432066050573, 0.03415880273295807, 0.37313015170956837, 0.012372065855307156, 0.1469684440144068, 0.0003621366076806187, 0.0055646049264817974, 0.27328981653419193, 0.9089589989063693, 0.00035397419085675397, 0.10035438276542563, 0.16228451629597695, 1.1672433218812284e-05, 0.0010237324942250492, -2.806174133473949e-06]","['H3K36me2', 'H3K4me2', 'H4K20me', 'H3K36me3', 'H3K79me', 'H3K79me3', 'H3K4me3', 'H3K4ac', 'H4K5ac', 'H3K9ac']","[0.908959   0.37313015 0.27328982 0.16228452 0.14696844 0.10035438
 0.0341588  0.03313828 0.02493636 0.01832926]","{'H4K5ac': 0.04754875269579251, 'H4K12ac': 0.0325022047523881, 'H4K8ac': 0.025998752560629414, 'H3K4ac': 0.05486532397863254, 'H3K23ac': 0.00699114148581965, 'H3K14ac': 0.03573623977048639, 'H2AK5ac': 0.016000057876050355, 'H3K18ac': 0.016063598820527387, 'H3K9ac': 0.04067620679610713, 'H3K56ac': 0.02042350731966578, 'H3K27ac': 0.01284531729579667, 'H3K4me3': 0.05570272678048388, 'H3K4me2': 0.18209501051339522, 'Htz1': 0.033933984236055925, 'H3K79me': 0.11326939719601384, 'H3S10ph': 0.005419604858334515, 'H3K4me': 0.02243505966319718, 'H4K20me': 0.15655101617767256, 'H3K36me2': 0.2851808586381117, 'H4K16ac': 0.00627103612012883, 'H3K79me3': 0.09492208505025518, 'H3K36me3': 0.11886954553440646, 'H4R3me2s': 0.001246335756719988, 'H4R3me': 0.009638038388702702, 'H2AS129ph': 0.0006772594118162527}","['H3K36me2', 'H3K4me2', 'H4K20me', 'H3K36me3', 'H3K79me', 'H3K79me3', 'H3K4me3', 'H3K4ac', 'H4K5ac', 'H3K9ac']","['H3K36me2', 'H3K4me2', 'H4K20me', 'H3K36me3', 'H3K79me', 'H3K79me3', 'H3K4me3', 'H3K4ac', 'H4K5ac', 'H3K9ac']","[0.04754875269579251, 0.0325022047523881, 0.025998752560629414, 0.05486532397863254, 0.00699114148581965, 0.03573623977048639, 0.016000057876050355, 0.016063598820527387, 0.04067620679610713, 0.02042350731966578, 0.01284531729579667, 0.05570272678048388, 0.18209501051339522, 0.033933984236055925, 0.11326939719601384, 0.005419604858334515, 0.02243505966319718, 0.15655101617767256, 0.2851808586381117, 0.00627103612012883, 0.09492208505025518, 0.11886954553440646, 0.001246335756719988, 0.009638038388702702, 0.0006772594118162527]","['H4K5ac', 'H4K20me', 'H3K36me2', 'H3K79me3', 'H3K9ac', 'H3K4ac', 'H3K4me2', 'H3K79me', 'H3K36me3', 'H3K4me3']",[],25,"{'H4K5ac': True, 'H4K12ac': True, 'H4K8ac': True, 'H3K4ac': True, 'H3K23ac': True, 'H3K14ac': True, 'H2AK5ac': True, 'H3K18ac': True, 'H3K9ac': True, 'H3K56ac': True, 'H3K27ac': True, 'H3K4me3': True, 'H3K4me2': True, 'Htz1': True, 'H3K79me': True, 'H3S10ph': True, 'H3K4me': True, 'H4K20me': True, 'H3K36me2': True, 'H4K16ac': True, 'H3K79me3': True, 'H3K36me3': True, 'H4R3me2s': True, 'H4R3me': True, 'H2AS129ph': True}"
H3K36me2,H3K36me2,0.0001,0.3,"[0.8091479764854872, 0.8224624312936651, 0.7951552119381683, 0.8231572993828903, 0.8172063632133991, 0.8043752943557032, 0.8125012359646938, 0.8213048551261358, 0.8144322666464153, 0.8172000843718936]",0.8136943018778451,0.008379456137086313,0.814211544001662,0.25191207769701146,0.19919497291416918,0.8156241983410147,0.2528017511071489,0.19960845801967392,Permutation Importance (TEST SET),"[0.0023404370842464274, 0.0027289755824127294, 0.013695986953237293, 0.05407941088256526, 0.00763670713257344, 0.04378010804159058, 8.479674974735119e-05, 0.018445798021451153, 0.03025119617338229, 0.012766356365119136, 0.007672630543048953, 0.007078727199166457, 0.6882979997713925, 0.015501307878106163, 0.015708545336856707, 4.32533790726608e-05, 0.04660004610577549, -6.303762817183589e-06, 0.416968624800565, 0.03290705671262484, 0.007402749566513567, 0.3718611512187628, 0.0015524258759156083, 0.0011665868659688772, 0.0004127192329335339]","['H3K4me2', 'H3K36me', 'H3K36me3', 'H3K4ac', 'H3K4me', 'H3K14ac', 'H4K16ac', 'H3K9ac', 'H3K18ac', 'H3K79me']","[0.688298   0.41696862 0.37186115 0.05407941 0.04660005 0.04378011
 0.03290706 0.0302512  0.0184458  0.01570855]","{'H4K5ac': 0.019857074825890702, 'H4K12ac': 0.021031784788584605, 'H4K8ac': 0.05024188844977613, 'H3K4ac': 0.09778169081477343, 'H3K23ac': 0.03440469303399149, 'H3K14ac': 0.08473240791432021, 'H2AK5ac': 0.00249750964029058, 'H3K18ac': 0.05482837126391687, 'H3K9ac': 0.07328283859105378, 'H3K56ac': 0.045494245994311004, 'H3K27ac': 0.03431258300777894, 'H3K4me3': 0.0337109879332794, 'H3K4me2': 0.3460255532970857, 'Htz1': 0.050640577462556687, 'H3K79me': 0.05387182404574467, 'H3S10ph': 0.0030730116243490586, 'H3K4me': 0.08868134294079108, 'H4K20me': 0.0005361202639771109, 'H3K36me': 0.2672297018940869, 'H4K16ac': 0.07611721440451716, 'H3K79me3': 0.03670965378034642, 'H3K36me3': 0.25051088971679486, 'H4R3me2s': 0.016386967381573258, 'H4R3me': 0.014159373349276404, 'H2AS129ph': 0.007967108722021792}","['H3K4me2', 'H3K36me', 'H3K36me3', 'H3K4ac', 'H3K4me', 'H3K14ac', 'H4K16ac', 'H3K9ac', 'H3K18ac', 'H3K79me']","['H3K4me2', 'H3K36me', 'H3K36me3', 'H3K4ac', 'H3K4me', 'H3K14ac', 'H4K16ac', 'H3K9ac', 'H3K18ac', 'H3K79me']","[0.019857074825890702, 0.021031784788584605, 0.05024188844977613, 0.09778169081477343, 0.03440469303399149, 0.08473240791432021, 0.00249750964029058, 0.05482837126391687, 0.07328283859105378, 0.045494245994311004, 0.03431258300777894, 0.0337109879332794, 0.3460255532970857, 0.050640577462556687, 0.05387182404574467, 0.0030730116243490586, 0.08868134294079108, 0.0005361202639771109, 0.2672297018940869, 0.07611721440451716, 0.03670965378034642, 0.25051088971679486, 0.016386967381573258, 0.014159373349276404, 0.007967108722021792]","['H4K16ac', 'H3K4me', 'H3K14ac', 'H3K36me', 'H3K9ac', 'H3K18ac', 'H3K4ac', 'H3K4me2', 'H3K79me', 'H3K36me3']",[],25,"{'H4K5ac': True, 'H4K12ac': True, 'H4K8ac': True, 'H3K4ac': True, 'H3K23ac': True, 'H3K14ac': True, 'H2AK5ac': True, 'H3K18ac': True, 'H3K9ac': True, 'H3K56ac': True, 'H3K27ac': True, 'H3K4me3': True, 'H3K4me2': True, 'Htz1': True, 'H3K79me': True, 'H3S10ph': True, 'H3K4me': True, 'H4K20me': True, 'H3K36me': True, 'H4K16ac': True, 'H3K79me3': True, 'H3K36me3': True, 'H4R3me2s': True, 'H4R3me': True, 'H2AS129ph': True}"
H4K16ac,H4K16ac,0.0001,0.1,"[0.7401930532560679, 0.7579066133921076, 0.7454292160506059, 0.7530531102687651, 0.7545869149319644, 0.7469412559604032, 0.7380454982521854, 0.743832099355402, 0.742800465331074, 0.7303675134495902]",0.7453155740248165,0.007861822069470881,0.7459666256395272,0.2259878940143562,0.17635205533215814,0.7506372714187792,0.224793101541627,0.17638063740451265,Permutation Importance (TEST SET),"[0.0016430148078476093, 0.00011590714656560808, 0.10433162606754624, 0.37216413724207037, 0.08541982637310061, 0.014441629204381056, 0.00024056887914415405, 0.5701445100313862, 0.06922500255180501, 0.0013572429386901174, 0.017463956961195848, 0.010807997024383842, 0.03268214050943263, 0.0004959355547971888, 0.0269287633294078, 0.0026683072903448957, 0.001844877979101367, 0.027389726542331228, 0.00040144111621023273, 0.06398908474915561, 0.24039443322212764, 0.04778148836362324, 0.5432896821482598, 0.00016486375428971246, 0.007069924866195709]","['H3K18ac', 'H4R3me2s', 'H3K4ac', 'H3K79me3', 'H4K8ac', 'H3K23ac', 'H3K9ac', 'H3K36me2', 'H3K36me3', 'H3K4me2']","[0.57014451 0.54328968 0.37216414 0.24039443 0.10433163 0.08541983
 0.069225   0.06398908 0.04778149 0.03268214]","{'H4K5ac': 0.01294938400516921, 'H4K12ac': 0.004750459594179051, 'H4K8ac': 0.1005144991208408, 'H3K4ac': 0.19043747144793932, 'H3K23ac': 0.09075381325002668, 'H3K14ac': 0.03616644964443363, 'H2AK5ac': 0.00597866626437028, 'H3K18ac': 0.2403782302717735, 'H3K9ac': 0.08133325816242838, 'H3K56ac': 0.010306074248782285, 'H3K27ac': 0.03997224034164358, 'H3K4me3': 0.03359928022331643, 'H3K4me2': 0.05837564156190681, 'Htz1': 0.005727815626153914, 'H3K79me': 0.05091742675361288, 'H3S10ph': 0.016993635340773437, 'H3K4me': 0.014406708762573751, 'H4K20me': 0.05292349926249556, 'H3K36me': 0.006186951403601359, 'H3K36me2': 0.07976712122056753, 'H3K79me3': 0.15661990532761794, 'H3K36me3': 0.06766400080452718, 'H4R3me2s': 0.23531495237629071, 'H4R3me': 0.0037214604301314545, 'H2AS129ph': 0.02738102227812564}","['H3K18ac', 'H4R3me2s', 'H3K4ac', 'H3K79me3', 'H4K8ac', 'H3K23ac', 'H3K9ac', 'H3K36me2', 'H3K36me3', 'H3K4me2']","['H3K18ac', 'H4R3me2s', 'H3K4ac', 'H3K79me3', 'H4K8ac', 'H3K23ac', 'H3K9ac', 'H3K36me2', 'H3K36me3', 'H3K4me2']","[0.01294938400516921, 0.004750459594179051, 0.1005144991208408, 0.19043747144793932, 0.09075381325002668, 0.03616644964443363, 0.00597866626437028, 0.2403782302717735, 0.08133325816242838, 0.010306074248782285, 0.03997224034164358, 0.03359928022331643, 0.05837564156190681, 0.005727815626153914, 0.05091742675361288, 0.016993635340773437, 0.014406708762573751, 0.05292349926249556, 0.006186951403601359, 0.07976712122056753, 0.15661990532761794, 0.06766400080452718, 0.23531495237629071, 0.0037214604301314545, 0.02738102227812564]","['H3K23ac', 'H3K36me2', 'H3K79me3', 'H3K18ac', 'H3K9ac', 'H3K4ac', 'H3K4me2', 'H3K36me3', 'H4K8ac', 'H4R3me2s']",[],25,"{'H4K5ac': True, 'H4K12ac': True, 'H4K8ac': True, 'H3K4ac': True, 'H3K23ac': True, 'H3K14ac': True, 'H2AK5ac': True, 'H3K18ac': True, 'H3K9ac': True, 'H3K56ac': True, 'H3K27ac': True, 'H3K4me3': True, 'H3K4me2': True, 'Htz1': True, 'H3K79me': True, 'H3S10ph': True, 'H3K4me': True, 'H4K20me': True, 'H3K36me': True, 'H3K36me2': True, 'H3K79me3': True, 'H3K36me3': True, 'H4R3me2s': True, 'H4R3me': True, 'H2AS129ph': True}"
H3K79me3,H3K79me3,0.0001,0.1,"[0.872639174166678, 0.8832614829953529, 0.8724247798083853, 0.8760802529597214, 0.8732656498795499, 0.8749405906140129, 0.881096799576279, 0.8718276403553272, 0.8758644656649237, 0.8684796643583459]",0.8749880500378577,0.004184869003250752,0.8752054810338209,0.2413082043259656,0.1900289832009385,0.8779743950860339,0.24038397654359372,0.18996484897929217,Permutation Importance (TEST SET),"[0.0017426415363025693, 7.877126878326201e-05, 0.004662143550393872, 0.008940192426823979, 0.12524482384514474, 0.003670751161157548, 0.006957073301601247, 0.1839872694533582, 0.007236360198364289, 0.015700022679524018, 0.003854387245733426, 0.32231891846830374, 0.05218774479271222, 0.0034758496304638452, 0.14994842142065473, 0.0003847826640809182, 0.040691553935785274, 0.0031502867324402217, 0.02182623387620669, 0.0029441684832496318, 0.05845498290799113, 0.36751740901609864, 0.02378417083598546, 0.027180013905437183, 0.01997916787974239]","['H3K36me3', 'H3K4me3', 'H3K18ac', 'H3K79me', 'H3K23ac', 'H4K16ac', 'H3K4me2', 'H3K4me', 'H4R3me', 'H4R3me2s']","[0.36751741 0.32231892 0.18398727 0.14994842 0.12524482 0.05845498
 0.05218774 0.04069155 0.02718001 0.02378417]","{'H4K5ac': 0.020015052116534756, 'H4K12ac': 0.004551017501500617, 'H4K8ac': 0.033102803658298534, 'H3K4ac': 0.045267280180115305, 'H3K23ac': 0.17038592354716228, 'H3K14ac': 0.0293736321085746, 'H2AK5ac': 0.04063247813542395, 'H3K18ac': 0.20767351129376935, 'H3K9ac': 0.040131098576923804, 'H3K56ac': 0.061000025373924044, 'H3K27ac': 0.029200782082447644, 'H3K4me3': 0.2728039379215888, 'H3K4me2': 0.11146623070603942, 'Htz1': 0.030452142075918474, 'H3K79me': 0.18658181993018172, 'H3S10ph': 0.009746886528146743, 'H3K4me': 0.09741448735184077, 'H4K20me': 0.026972440508843922, 'H3K36me': 0.06990345026788752, 'H3K36me2': 0.028875839868292286, 'H4K16ac': 0.11734551008383012, 'H3K36me3': 0.2898684604348303, 'H4R3me2s': 0.07505305157990123, 'H4R3me': 0.08040293117964184, 'H2AS129ph': 0.06620003261676269}","['H3K36me3', 'H3K4me3', 'H3K18ac', 'H3K79me', 'H3K23ac', 'H4K16ac', 'H3K4me2', 'H3K4me', 'H4R3me', 'H4R3me2s']","['H3K36me3', 'H3K4me3', 'H3K18ac', 'H3K79me', 'H3K23ac', 'H4K16ac', 'H3K4me2', 'H3K4me', 'H4R3me', 'H4R3me2s']","[0.020015052116534756, 0.004551017501500617, 0.033102803658298534, 0.045267280180115305, 0.17038592354716228, 0.0293736321085746, 0.04063247813542395, 0.20767351129376935, 0.040131098576923804, 0.061000025373924044, 0.029200782082447644, 0.2728039379215888, 0.11146623070603942, 0.030452142075918474, 0.18658181993018172, 0.009746886528146743, 0.09741448735184077, 0.026972440508843922, 0.06990345026788752, 0.028875839868292286, 0.11734551008383012, 0.2898684604348303, 0.07505305157990123, 0.08040293117964184, 0.06620003261676269]","['H4K16ac', 'H3K4me', 'H3K23ac', 'H3K36me3', 'H3K18ac', 'H3K4me2', 'H3K79me', 'H4R3me', 'H3K4me3', 'H4R3me2s']",[],25,"{'H4K5ac': True, 'H4K12ac': True, 'H4K8ac': True, 'H3K4ac': True, 'H3K23ac': True, 'H3K14ac': True, 'H2AK5ac': True, 'H3K18ac': True, 'H3K9ac': True, 'H3K56ac': True, 'H3K27ac': True, 'H3K4me3': True, 'H3K4me2': True, 'Htz1': True, 'H3K79me': True, 'H3S10ph': True, 'H3K4me': True, 'H4K20me': True, 'H3K36me': True, 'H3K36me2': True, 'H4K16ac': True, 'H3K36me3': True, 'H4R3me2s': True, 'H4R3me': True, 'H2AS129ph': True}"
H3K36me3,H3K36me3,0.0001,0.9,"[0.8688261233535081, 0.8688988528684745, 0.8641016455523842, 0.8650791865804951, 0.8677808965096735, 0.8685042956708666, 0.8678494456456726, 0.860032217893401, 0.8671291702570565, 0.8621403921965805]",0.8660342226528114,0.0029236931395760692,0.8662807345109366,0.3570916052401785,0.27518340579457673,0.8665993311040882,0.36019522971041845,0.2766951203044041,Permutation Importance (TEST SET),"[0.003927307453520257, 0.0, 4.124774439809853e-05, 0.03476221791004288, 0.036374263868699165, 0.13581538525631592, 0.0003279402092865813, 0.1556146020428972, 0.05795176757481311, 0.0007744463772004883, 0.00032472836839158025, 0.026178327954271986, 0.02063794857576594, 0.020138581307336968, 0.0008357920880377123, 0.0019245482274326652, 0.06610369053768902, 0.0027613122285822466, 0.03738795272901835, 0.19220890862176582, 0.011655978378872223, 0.4151353041001398, 0.079761503234973, 0.005730238572003799, 0.008098706165270564]","['H3K79me3', 'H3K36me2', 'H3K18ac', 'H3K14ac', 'H4R3me2s', 'H3K4me', 'H3K9ac', 'H3K36me', 'H3K23ac', 'H3K4ac']","[0.4151353  0.19220891 0.1556146  0.13581539 0.0797615  0.06610369
 0.05795177 0.03738795 0.03637426 0.03476222]","{'H4K5ac': 0.04039849222927394, 'H4K12ac': 0.0, 'H4K8ac': 0.007397119588452249, 'H3K4ac': 0.13183756581688852, 'H3K23ac': 0.13432019551933477, 'H3K14ac': 0.25835957755680866, 'H2AK5ac': 0.01489031408894492, 'H3K18ac': 0.2706092678331219, 'H3K9ac': 0.16348872197478853, 'H3K56ac': 0.021554436630870876, 'H3K27ac': 0.011691911447065379, 'H3K4me3': 0.10864981034236058, 'H3K4me2': 0.10522979716531035, 'Htz1': 0.10176540763279585, 'H3K79me': 0.022644363079774483, 'H3S10ph': 0.03154967776798667, 'H3K4me': 0.1753400606946152, 'H4K20me': 0.03715058909606527, 'H3K36me': 0.13384891586811934, 'H3K36me2': 0.3010805915699922, 'H4K16ac': 0.07762472446008917, 'H3K79me3': 0.4446157910027267, 'H4R3me2s': 0.19782903915349515, 'H4R3me': 0.05223110547464474, 'H2AS129ph': 0.06047632689514088}","['H3K79me3', 'H3K36me2', 'H3K18ac', 'H3K14ac', 'H4R3me2s', 'H3K4me', 'H3K9ac', 'H3K23ac', 'H3K36me', 'H3K4ac']","['H3K79me3', 'H3K36me2', 'H3K18ac', 'H3K14ac', 'H4R3me2s', 'H3K4me', 'H3K9ac', 'H3K23ac', 'H3K36me', 'H3K4ac']","[0.04039849222927394, 0.0, 0.007397119588452249, 0.13183756581688852, 0.13432019551933477, 0.25835957755680866, 0.01489031408894492, 0.2706092678331219, 0.16348872197478853, 0.021554436630870876, 0.011691911447065379, 0.10864981034236058, 0.10522979716531035, 0.10176540763279585, 0.022644363079774483, 0.03154967776798667, 0.1753400606946152, 0.03715058909606527, 0.13384891586811934, 0.3010805915699922, 0.07762472446008917, 0.4446157910027267, 0.19782903915349515, 0.05223110547464474, 0.06047632689514088]","['H3K4me', 'H3K14ac', 'H3K23ac', 'H3K36me', 'H3K36me2', 'H3K79me3', 'H3K18ac', 'H3K9ac', 'H3K4ac', 'H4R3me2s']",[],24,"{'H4K5ac': True, 'H4K12ac': False, 'H4K8ac': True, 'H3K4ac': True, 'H3K23ac': True, 'H3K14ac': True, 'H2AK5ac': True, 'H3K18ac': True, 'H3K9ac': True, 'H3K56ac': True, 'H3K27ac': True, 'H3K4me3': True, 'H3K4me2': True, 'Htz1': True, 'H3K79me': True, 'H3S10ph': True, 'H3K4me': True, 'H4K20me': True, 'H3K36me': True, 'H3K36me2': True, 'H4K16ac': True, 'H3K79me3': True, 'H4R3me2s': True, 'H4R3me': True, 'H2AS129ph': True}"
H4R3me2s,H4R3me2s,0.00012648552168552957,0.1,"[0.8658554405114949, 0.8671171654284128, 0.8679512837300367, 0.8681251657353619, 0.8696240941932701, 0.8683928944350343, 0.8722332877988517, 0.8637151267253956, 0.8654539090348399, 0.8634898240428953]",0.8671958191635593,0.002546108457229299,0.8674623041355289,0.20910861751144616,0.16282440442286286,0.8698991998938834,0.20681450056086262,0.16060664811397882,Permutation Importance (TEST SET),"[0.009506726713521407, 0.002538209132371361, 0.03237931874232686, 0.018531933446771287, 0.0025069683699254774, 0.021480625618204165, 0.029809967472507904, 0.04517087408884812, 0.051001614993094725, 0.009044349043449317, 0.026947616283776787, 0.061572374884856174, 0.01888822992641751, 0.0008433180187508382, 4.061337512595297e-06, 0.0005739768176910909, 0.00032289524052513395, 0.07717906428061175, 1.4089240703007987e-07, 0.0010360074798001161, 0.1524840833348618, 0.027105644600080338, 0.08073216227669858, 0.019245319246746107, 0.06131585998081936]","['H4K16ac', 'H3K36me3', 'H4K20me', 'H3K4me3', 'H2AS129ph', 'H3K9ac', 'H3K18ac', 'H4K8ac', 'H2AK5ac', 'H3K79me3']","[0.15248408 0.08073216 0.07717906 0.06157237 0.06131586 0.05100161
 0.04517087 0.03237932 0.02980997 0.02710564]","{'H4K5ac': 0.039126223747014494, 'H4K12ac': 0.021143961752368424, 'H4K8ac': 0.0719169844834402, 'H3K4ac': 0.05415990789165167, 'H3K23ac': 0.019271629930114602, 'H3K14ac': 0.05976333369370802, 'H2AK5ac': 0.06944909212571504, 'H3K18ac': 0.08425025204703768, 'H3K9ac': 0.08962716981939105, 'H3K56ac': 0.03910559363845673, 'H3K27ac': 0.06592696064090321, 'H3K4me3': 0.10086075275857471, 'H3K4me2': 0.05458899562599791, 'Htz1': 0.011929732181122716, 'H3K79me': 0.001275170389530449, 'H3S10ph': 0.009065556359079673, 'H3K4me': 0.007818226913348403, 'H4K20me': 0.11152689075733595, 'H3K36me': 0.0008299849668014941, 'H3K36me2': 0.011544161600056387, 'H4K16ac': 0.15732012989916375, 'H3K79me3': 0.06705536100161848, 'H3K36me3': 0.1154431356119253, 'H4R3me': 0.05640065553568222, 'H2AS129ph': 0.09808755088538959}","['H4K16ac', 'H3K36me3', 'H4K20me', 'H3K4me3', 'H2AS129ph', 'H3K9ac', 'H3K18ac', 'H4K8ac', 'H2AK5ac', 'H3K79me3']","['H4K16ac', 'H3K36me3', 'H4K20me', 'H3K4me3', 'H2AS129ph', 'H3K9ac', 'H3K18ac', 'H4K8ac', 'H2AK5ac', 'H3K79me3']","[0.039126223747014494, 0.021143961752368424, 0.0719169844834402, 0.05415990789165167, 0.019271629930114602, 0.05976333369370802, 0.06944909212571504, 0.08425025204703768, 0.08962716981939105, 0.03910559363845673, 0.06592696064090321, 0.10086075275857471, 0.05458899562599791, 0.011929732181122716, 0.001275170389530449, 0.009065556359079673, 0.007818226913348403, 0.11152689075733595, 0.0008299849668014941, 0.011544161600056387, 0.15732012989916375, 0.06705536100161848, 0.1154431356119253, 0.05640065553568222, 0.09808755088538959]","['H4K16ac', 'H4K20me', 'H3K79me3', 'H3K4me3', 'H3K9ac', 'H3K18ac', 'H2AS129ph', 'H2AK5ac', 'H3K36me3', 'H4K8ac']",[],25,"{'H4K5ac': True, 'H4K12ac': True, 'H4K8ac': True, 'H3K4ac': True, 'H3K23ac': True, 'H3K14ac': True, 'H2AK5ac': True, 'H3K18ac': True, 'H3K9ac': True, 'H3K56ac': True, 'H3K27ac': True, 'H3K4me3': True, 'H3K4me2': True, 'Htz1': True, 'H3K79me': True, 'H3S10ph': True, 'H3K4me': True, 'H4K20me': True, 'H3K36me': True, 'H3K36me2': True, 'H4K16ac': True, 'H3K79me3': True, 'H3K36me3': True, 'H4R3me': True, 'H2AS129ph': True}"
H4R3me,H4R3me,0.00012648552168552957,0.1,"[0.6176626652125967, 0.623529314217198, 0.6108848528612274, 0.6275342782957841, 0.6246444946207662, 0.6305795142762876, 0.617523510181071, 0.6032389246069025, 0.6091430238093192, 0.6132911619256847]",0.6178031740006837,0.008324401167125772,0.6185856278357604,0.2391018055990389,0.18669717303818562,0.6218455611294689,0.2382726547897044,0.18632145882566972,Permutation Importance (TEST SET),"[0.06232345095425732, 4.6352414956041255e-05, 0.016706546980618898, 0.012612212100103048, 0.007646131192355266, 0.0008870586767382394, 3.9563020311494945e-06, 0.06618193244421458, 0.000495992749705132, 0.025501615519128218, 0.0013444013437309498, 0.033579816809441866, 0.00013101287193713064, 0.0002784846267911534, 0.03871176372027313, 1.6697899834516862e-05, 0.01835291254835917, 0.04296486678965592, 0.0024280705218463704, 0.005173357660627209, 0.0003588009565065553, 0.26366737148686514, 0.04961739383017229, 0.16000183594931014, 0.013551101218011652]","['H3K79me3', 'H4R3me2s', 'H3K18ac', 'H4K5ac', 'H3K36me3', 'H4K20me', 'H3K79me', 'H3K4me3', 'H3K56ac', 'H3K4me']","[0.26366737 0.16000184 0.06618193 0.06232345 0.04961739 0.04296487
 0.03871176 0.03357982 0.02550162 0.01835291]","{'H4K5ac': 0.06736466336687805, 'H4K12ac': 0.003306291468217584, 'H4K8ac': 0.03441654662803658, 'H3K4ac': 0.030098523221946418, 'H3K23ac': 0.022916551347513945, 'H3K14ac': 0.008925766196230351, 'H2AK5ac': 0.0011109226760222613, 'H3K18ac': 0.07026606496243433, 'H3K9ac': 0.005383914993093975, 'H3K56ac': 0.044114060367142056, 'H3K27ac': 0.009921657251632476, 'H3K4me3': 0.04925904300686107, 'H3K4me2': 0.0034113971252711576, 'Htz1': 0.0035695874841122424, 'H3K79me': 0.05544799119689168, 'H3S10ph': 0.0022408242401677336, 'H3K4me': 0.03731344479541098, 'H4K20me': 0.055999517211350554, 'H3K36me': 0.012299769210209963, 'H3K36me2': 0.019224679446101994, 'H4K16ac': 0.004848404468178412, 'H3K79me3': 0.13890983313190788, 'H3K36me3': 0.05913064823143792, 'H4R3me2s': 0.10925837461291363, 'H2AS129ph': 0.03377856845299384}","['H3K79me3', 'H4R3me2s', 'H3K18ac', 'H4K5ac', 'H3K36me3', 'H4K20me', 'H3K79me', 'H3K4me3', 'H3K56ac', 'H3K4me']","['H3K79me3', 'H4R3me2s', 'H3K18ac', 'H4K5ac', 'H3K36me3', 'H4K20me', 'H3K79me', 'H3K4me3', 'H3K56ac', 'H3K4me']","[0.06736466336687805, 0.003306291468217584, 0.03441654662803658, 0.030098523221946418, 0.022916551347513945, 0.008925766196230351, 0.0011109226760222613, 0.07026606496243433, 0.005383914993093975, 0.044114060367142056, 0.009921657251632476, 0.04925904300686107, 0.0034113971252711576, 0.0035695874841122424, 0.05544799119689168, 0.0022408242401677336, 0.03731344479541098, 0.055999517211350554, 0.012299769210209963, 0.019224679446101994, 0.004848404468178412, 0.13890983313190788, 0.05913064823143792, 0.10925837461291363, 0.03377856845299384]","['H4K5ac', 'H3K4me', 'H3K56ac', 'H4K20me', 'H3K79me3', 'H3K18ac', 'H3K79me', 'H3K36me3', 'H3K4me3', 'H4R3me2s']",[],25,"{'H4K5ac': True, 'H4K12ac': True, 'H4K8ac': True, 'H3K4ac': True, 'H3K23ac': True, 'H3K14ac': True, 'H2AK5ac': True, 'H3K18ac': True, 'H3K9ac': True, 'H3K56ac': True, 'H3K27ac': True, 'H3K4me3': True, 'H3K4me2': True, 'Htz1': True, 'H3K79me': True, 'H3S10ph': True, 'H3K4me': True, 'H4K20me': True, 'H3K36me': True, 'H3K36me2': True, 'H4K16ac': True, 'H3K79me3': True, 'H3K36me3': True, 'H4R3me2s': True, 'H2AS129ph': True}"
H2AS129ph,H2AS129ph,0.00012648552168552957,1.0,"[0.5678835904830826, 0.5900876523838146, 0.5586623739221533, 0.5722565215660445, 0.5840547180198028, 0.567213073266704, 0.5771283125561705, 0.574922070751572, 0.5700959782527915, 0.5423588891915315]",0.5704663180393666,0.01258504666349268,0.5717440457052578,0.40909375388374963,0.3125669732267985,0.5761421585810572,0.4086882029600248,0.31117570128196675,Permutation Importance (TEST SET),"[1.1902089853688125e-07, 0.02937919093436525, 0.003497529716740877, 0.07683260628006625, 0.3192894393019164, 0.00015962604232604426, 0.04239877681975579, 0.6294880568987344, 0.016690537603840615, 0.6377813008901144, 0.0978167009167796, 0.257705243794688, 0.014831279213387383, 0.01612655587433113, 0.006417185393945812, 0.007736419927444016, 0.08881944922791082, 0.009198474330522843, -2.1462733374233434e-05, 0.002153376603136037, 0.022802578038436338, 0.22410610528431835, 0.08016199057060072, 0.5966918180482721, 0.017403491633509738]","['H3K56ac', 'H3K18ac', 'H4R3me2s', 'H3K23ac', 'H3K4me3', 'H3K79me3', 'H3K27ac', 'H3K4me', 'H3K36me3', 'H3K4ac']","[0.6377813  0.62948806 0.59669182 0.31928944 0.25770524 0.22410611
 0.0978167  0.08881945 0.08016199 0.07683261]","{'H4K5ac': 0.0006567579572299839, 'H4K12ac': 0.07609261995551025, 'H4K8ac': 0.025109118931507572, 'H3K4ac': 0.12271286034839823, 'H3K23ac': 0.24830997935105648, 'H3K14ac': 0.005093967674651406, 'H2AK5ac': 0.0905786297212944, 'H3K18ac': 0.3507185018847483, 'H3K9ac': 0.05695841120650219, 'H3K56ac': 0.35314959201005697, 'H3K27ac': 0.1397545805079661, 'H3K4me3': 0.22568446967033695, 'H3K4me2': 0.05365770261127473, 'Htz1': 0.05611302475206253, 'H3K79me': 0.037058057960549715, 'H3S10ph': 0.03914958085386003, 'H3K4me': 0.12979909869800582, 'H4K20me': 0.04033149889842567, 'H3K36me': 0.0006327810161325801, 'H3K36me2': 0.01875537331599542, 'H4K16ac': 0.06359162256889313, 'H3K79me3': 0.20789451468729198, 'H3K36me3': 0.12469630737081962, 'H4R3me2s': 0.34395892996972005, 'H4R3me': 0.060998874371268684}","['H3K56ac', 'H3K18ac', 'H4R3me2s', 'H3K23ac', 'H3K4me3', 'H3K79me3', 'H3K27ac', 'H3K4me', 'H3K36me3', 'H3K4ac']","['H3K56ac', 'H3K18ac', 'H4R3me2s', 'H3K23ac', 'H3K4me3', 'H3K79me3', 'H3K27ac', 'H3K4me', 'H3K36me3', 'H3K4ac']","[0.0006567579572299839, 0.07609261995551025, 0.025109118931507572, 0.12271286034839823, 0.24830997935105648, 0.005093967674651406, 0.0905786297212944, 0.3507185018847483, 0.05695841120650219, 0.35314959201005697, 0.1397545805079661, 0.22568446967033695, 0.05365770261127473, 0.05611302475206253, 0.037058057960549715, 0.03914958085386003, 0.12979909869800582, 0.04033149889842567, 0.0006327810161325801, 0.01875537331599542, 0.06359162256889313, 0.20789451468729198, 0.12469630737081962, 0.34395892996972005, 0.060998874371268684]","['H3K27ac', 'H3K4me', 'H3K56ac', 'H3K23ac', 'H3K79me3', 'H3K18ac', 'H3K4ac', 'H3K36me3', 'H3K4me3', 'H4R3me2s']",[],25,"{'H4K5ac': True, 'H4K12ac': True, 'H4K8ac': True, 'H3K4ac': True, 'H3K23ac': True, 'H3K14ac': True, 'H2AK5ac': True, 'H3K18ac': True, 'H3K9ac': True, 'H3K56ac': True, 'H3K27ac': True, 'H3K4me3': True, 'H3K4me2': True, 'Htz1': True, 'H3K79me': True, 'H3S10ph': True, 'H3K4me': True, 'H4K20me': True, 'H3K36me': True, 'H3K36me2': True, 'H4K16ac': True, 'H3K79me3': True, 'H3K36me3': True, 'H4R3me2s': True, 'H4R3me': True}"
